{
  "resourceType": "Organization",
  "active": true,
  "address": [
    {
      "city": "Jakarta",
      "country": "ID",
      "extension": [
        {
          "extension": [
            {
              "url": "province",
              "valueCode": "10"
            },
            {
              "url": "city",
              "valueCode": "1010"
            },
            {
              "url": "district",
              "valueCode": "1010101"
            },
            {
              "url": "village",
              "valueCode": "1010101101"
            }
          ],
          "url": "https://fhir.kemkes.go.id/r4/StructureDefinition/administrativeCode"
        }
      ],
      "line": [
        "Jalan Matraman Raya No. 94 A, Kecamatan Menteng, Jakarta Pusat, DKI Jakarta"
      ],
      "postalCode": "10320",
      "type": "both",
      "use": "work"
    }
  ],
  "id": "a60f0623-80a0-4a97-a8c0-8bedb7844649",
  "identifier": [
    {
      "system": "http://sys-ids.kemkes.go.id/organization/10080028",
      "use": "official",
      "value": "BPJS-K"
    }
  ],
  "meta": {
    "lastUpdated": "2023-05-19T16:18:04.201716+00:00",
    "versionId": "MTY4NDUxMzA4NDIwMTcxNjAwMA"
  },
  "name": "BPJS Kesehatan",
  "partOf": {
    "display": "BPJS Kesehatan",
    "reference": "Organization/10080028"
  },
  "telecom": [
    {
      "system": "phone",
      "value": "022-655 2331"
    },
    {
      "system": "email",
      "value": "wbs@bpjs-kesehatan.go.id"
    },
    {
      "system": "fax",
      "value": "022-655 2323"
    }
  ],
  "type": [
    {
      "coding": [
        {
          "code": "team",
          "display": "Organizational team",
          "system": "http://terminology.hl7.org/CodeSystem/organization-type"
        }
      ]
    }
  ]
}