{
  "resourceType": "Observation",
  "status": "final",
  "category": [
    {
      "coding": [
        {
          "system": "http://terminology.hl7.org/CodeSystem/observation-category",
          "code": "survey",
          "display": "Survey"
        }
      ]
    }
  ],
  "code": {
    "coding": [
      {
        "system": "http://terminology.kemkes.go.id/CodeSystem/clinical-term",
        "code": "OC000133",
        "display": "Kategori Sasaran Imunisasi COVID-19"
      }
    ]
  },
  "subject": {
    "reference": "Patient/100000030009"
  },
  "encounter": {
    "reference": "Encounter/02bc44c5-5a53-48d0-9ed0-cf910355c20e"
  },
  "effectiveDateTime": "2023-07-07T17:30:00+00:00",
  "issued": "2023-07-07T17:30:00+00:00",
  "performer": [
    {
      "reference": "Practitioner/N10000001"
    },
    {
      "reference": "Organization/10000004"
    }
  ],
  "valueCodeableConcept": {
    "coding": [
      {
        "system": "http://terminology.kemkes.go.id/CodeSystem/clinical-term",
        "code": "OV000293",
        "display": "Lanjut Usia > 60 dengan komorbid"
      }
    ]
  }
}