{
  "resourceType": "Observation",
  "identifier": [
    {
      "system": "http://sys-ids.kemkes.go.id/observation/10000001",
      "value": "O111111"
    }
  ],
  "status": "final",
  "category": [
    {
      "coding": [
        {
          "system": "http://terminology.hl7.org/CodeSystem/observation-category",
          "code": "survey",
          "display": "Survey"
        }
      ]
    }
  ],
  "code": {
    "coding": [
      {
        "system": "http://terminology.kemkes.go.id/CodeSystem/clinical-term",
        "code": "OC000133",
        "display": "Kategori Penerima Vaksin COVID-19"
      }
    ]
  },
  "subject": {
    "reference": "Patient/100000030009"
  },
  "encounter": {
    "reference": "Encounter/da0b1df7-60c5-46fb-8379-d10365a18580"
  },
  "effectiveDateTime": "2023-07-07T17:30:00+00:00",
  "issued": "2023-07-07T17:30:00+00:00",
  "performer": [
    {
      "reference": "Practitioner/N10000001"
    },
    {
      "reference": "Organization/10000004"
    }
  ],
  "valueCodeableConcept": {
    "coding": [
      {
        "system": "http://snomed.info/sct",
        "code": "223366009",
        "display": "Healthcare professional"
      }
    ]
  }
}