{
  "id": "Example-Patient-Get-Biodata",
  "entry": [
    {
      "fullUrl": "https://api-satusehat-dev.dto.kemkes.go.id/fhir-r4/v1/Patient/P00346075498",
      "resource": {
        "active": true,
        "communication": [
          {
            "language": {
              "coding": [
                {
                  "code": "id-ID",
                  "display": "Indonesian",
                  "system": "urn:ietf:bcp:47"
                }
              ],
              "text": "Indonesian"
            },
            "preferred": true
          }
        ],
        "deceasedBoolean": false,
        "gender": "male",
        "id": "P00346075498",
        "identifier": [
          {
            "system": "https://fhir.kemkes.go.id/id/ihs-number",
            "use": "official",
            "value": "P00346075498"
          },
          {
            "system": "https://fhir.kemkes.go.id/id/paspor",
            "use": "official",
            "value": "############"
          }
        ],
        "meta": {
          "lastUpdated": "2022-04-27T17:21:52.893837+00:00",
          "profile": [
            "https://fhir.kemkes.go.id/r4/StructureDefinition/Patient"
          ],
          "versionId": "MTY1MTA4MDExMjg5MzgzNzAwMA"
        },
        "multipleBirthBoolean": false,
        "name": [
          {
            "text": "SAMUEL RHODRI SMITH",
            "use": "official"
          }
        ],
        "resourceType": "Patient"
      },
      "search": {
        "mode": "match"
      }
    },
    {
      "fullUrl": "https://api-satusehat-dev.dto.kemkes.go.id/fhir-r4/v1/Patient/P01378362061",
      "resource": {
        "active": true,
        "communication": [
          {
            "language": {
              "coding": [
                {
                  "code": "id-ID",
                  "display": "Indonesian",
                  "system": "urn:ietf:bcp:47"
                }
              ],
              "text": "Indonesian"
            },
            "preferred": true
          }
        ],
        "deceasedBoolean": false,
        "gender": "male",
        "id": "P01378362061",
        "identifier": [
          {
            "system": "https://fhir.kemkes.go.id/id/ihs-number",
            "use": "official",
            "value": "P01378362061"
          },
          {
            "system": "https://fhir.kemkes.go.id/id/paspor",
            "use": "official",
            "value": "############"
          }
        ],
        "meta": {
          "lastUpdated": "2022-04-27T07:07:48.376516+00:00",
          "profile": [
            "https://fhir.kemkes.go.id/r4/StructureDefinition/Patient"
          ],
          "versionId": "MTY1MTA0MzI2ODM3NjUxNjAwMA"
        },
        "multipleBirthBoolean": false,
        "name": [
          {
            "text": "SAMUEL RHODRI SMITH",
            "use": "official"
          }
        ],
        "resourceType": "Patient"
      },
      "search": {
        "mode": "match"
      }
    }
  ],
  "resourceType": "Bundle",
  "total": 2,
  "type": "searchset"
}