{
  "resourceType": "Location",
  "id": "Example-Location-Create-Payload",
  "identifier": [
    {
      "system": "http://sys-ids.kemkes.go.id/location/10000004",
      "value": "G-2-R-1A"
    }
  ],
  "status": "active",
  "name": "Ruang 1A, Poliklinik Rawat Jalan",
  "description": "Ruang 1A, Poliklinik Rawat Jalan, Lantai 2, Gedung G",
  "mode": "instance",
  "telecom": [
    {
      "system": "phone",
      "value": "+6221-783042654",
      "use": "work"
    },
    {
      "system": "email",
      "value": "rsudjatiasih@gmail.com",
      "use": "work"
    },
    {
      "system": "url",
      "value": "www.rsudjatiasih@gmail.com",
      "use": "work"
    }
  ],
  "physicalType": {
    "coding": [
      {
        "system": "http://terminology.hl7.org/CodeSystem/location-physical-type",
        "code": "ro",
        "display": "Room"
      }
    ]
  },
  "position": {
    "longitude": -6.23115426275766,
    "latitude": 106.83239885393944,
    "altitude": 0
  },
  "managingOrganization": {
    "reference": "Organization/8bc3f2fa-94f2-4daa-bbd3-574ce4557f9d"
  }
}