{
  "resourceType": "Encounter",
  "id": "66533eb2-723d-4e7c-b7aa-500cd67dd4c8",
  "identifier": [
    {
      "system": "http://sys-ids.kemkes.go.id/encounter/1000004",
      "value": "P20240001"
    }
  ],
  "status": "in-progress",
  "class": {
    "system": "http://terminology.hl7.org/CodeSystem/v3-ActCode",
    "code": "AMB",
    "display": "ambulatory"
  },
  "subject": {
    "reference": "Patient/100000030009",
    "display": "Budi Santoso"
  },
  "participant": [
    {
      "type": [
        {
          "coding": [
            {
              "system": "http://terminology.hl7.org/CodeSystem/v3-ParticipationType",
              "code": "ATND",
              "display": "attender"
            }
          ]
        }
      ],
      "individual": {
        "reference": "Practitioner/N10000001",
        "display": "Dokter Bronsig"
      }
    }
  ],
  "period": {
    "start": "2022-06-14T07:00:00+07:00",
    "end": "2022-06-14T09:00:00+07:00"
  },
  "location": [
    {
      "location": {
        "reference": "Location/ef011065-38c9-46f8-9c35-d1fe68966a3e",
        "display": "Ruang 1A, Poliklinik Rawat Jalan"
      }
    }
  ],
  "statusHistory": [
    {
      "status": "arrived",
      "period": {
        "start": "2022-06-14T07:00:00+07:00",
        "end": "2022-06-14T08:00:00+07:00"
      }
    },
    {
      "status": "in-progress",
      "period": {
        "start": "2022-06-14T08:00:00+07:00",
        "end": "2022-06-14T09:00:00+07:00"
      }
    }
  ],
  "hospitalization": {
    "dischargeDisposition": {
      "coding": [
        {
          "system": "http://terminology.hl7.org/CodeSystem/discharge-disposition",
          "code": "home",
          "display": "Home"
        }
      ],
      "text": "Anjuran dokter untuk pulang dan kontrol kembali 1 bulan setelah minum obat"
    }
  },
  "serviceProvider": {
    "reference": "Organization/10000004"
  }
}