{
  "resourceType": "Encounter",
  "id": "dd5b8c34-6bb2-43af-b36a-8fcc60a70d4a",
  "identifier": [
    {
      "system": "http://sys-ids.kemkes.go.id/encounter/1000004",
      "value": "P20240001"
    },
    {
      "system": "http://terminology.kemkes.go.id/CodeSystem/episodeofcare/ANC",
      "value": "K1A"
    }
  ],
  "status": "finished",
  "class": {
    "system": "http://terminology.hl7.org/CodeSystem/v3-ActCode",
    "code": "AMB",
    "display": "ambulatory"
  },
  "subject": {
    "reference": "Patient/100000030006",
    "display": "Jane Smith"
  },
  "participant": [
    {
      "type": [
        {
          "coding": [
            {
              "system": "http://terminology.hl7.org/CodeSystem/v3-ParticipationType",
              "code": "ATND",
              "display": "attender"
            }
          ]
        }
      ],
      "individual": {
        "reference": "Practitioner/N10000001",
        "display": "Dokter Bronsig"
      }
    }
  ],
  "period": {
    "start": "2023-08-31T00:00:00+00:00",
    "end": "2023-08-31T02:00:00+00:00"
  },
  "location": [
    {
      "location": {
        "reference": "Location/c87e0ca7-badc-4c60-9080-277aaaf27a88",
        "display": "Ruang Poli ANC, Departemen KIA, Lantai 2, Gedung Utama"
      }
    }
  ],
  "diagnosis": [
    {
      "condition": {
        "reference": "Condition/1856147b-8f47-40a4-b35f-3239b5ba9910",
        "display": "Tuberculosis of lung, confirmed by sputum microscopy with or without culture"
      },
      "use": {
        "coding": [
          {
            "system": "http://terminology.hl7.org/CodeSystem/diagnosis-role",
            "code": "DD",
            "display": "Discharge diagnosis"
          }
        ]
      },
      "rank": 1
    },
    {
      "condition": {
        "reference": "Condition/da07866d-4975-4774-830c-210f0df2ffde",
        "display": "Mild protein-calorie malnutrition"
      },
      "use": {
        "coding": [
          {
            "system": "http://terminology.hl7.org/CodeSystem/diagnosis-role",
            "code": "DD",
            "display": "Discharge diagnosis"
          }
        ]
      },
      "rank": 2
    }
  ],
  "statusHistory": [
    {
      "status": "arrived",
      "period": {
        "start": "2023-08-31T00:00:00+00:00",
        "end": "2023-08-31T01:00:00+00:00"
      }
    },
    {
      "status": "in-progress",
      "period": {
        "start": "2023-08-31T01:00:00+00:00",
        "end": "2023-08-31T04:05:00+00:00"
      }
    },
    {
      "status": "finished",
      "period": {
        "start": "2023-08-31T04:05:00+00:00",
        "end": "2023-08-31T04:10:00+00:00"
      }
    }
  ],
  "hospitalization": {
    "dischargeDisposition": {
      "coding": [
        {
          "system": "http://terminology.hl7.org/CodeSystem/discharge-disposition",
          "code": "oth",
          "display": "other-hcf"
        }
      ],
      "text": "Rujukan ke RSUP Fatmawati"
    }
  },
  "serviceProvider": {
    "reference": "Organization/10000004"
  },
  "episodeOfCare": [
    {
      "reference": "EpisodeOfCare/9bc3900d-fbbf-4465-b2eb-a40a9cacd120"
    }
  ]
}