{
  "resourceType": "Immunization",
  "status": "completed",
  "primarySource": false,
  "vaccineCode": {
    "coding": [
      {
        "system": "http://sys-ids.kemkes.go.id/kfa",
        "code": "VG139",
        "display": "Td"
      }
    ]
  },
  "patient": {
    "reference": "Patient/100000030006",
    "display": "Jane Smith"
  },
  "encounter": {
    "reference": "Encounter/dd5b8c34-6bb2-43af-b36a-8fcc60a70d4a"
  },
  "occurrenceDateTime": "2023-08-31T01:14:00+00:00",
  "recorded": "2023-08-31T01:14:00+00:00",
  "reportOrigin": {
    "coding": [
      {
        "system": "http://terminology.hl7.org/CodeSystem/immunization-origin",
        "code": "recall",
        "display": "Parent/Guardian/Patient Recall"
      }
    ]
  },
  "performer": [
    {
      "function": {
        "coding": [
          {
            "system": "http://terminology.hl7.org/CodeSystem/v2-0443",
            "code": "AP",
            "display": "Administering Provider"
          }
        ]
      },
      "actor": {
        "reference": "Practitioner/N10000001"
      }
    }
  ],
  "reasonCode": [
    {
      "coding": [
        {
          "system": "http://terminology.kemkes.go.id/CodeSystem/immunization-reason",
          "code": "IM-WUS",
          "display": "Imunisasi Program Rutin Lanjutan Wanita Usia Subur"
        }
      ]
    }
  ],
  "protocolApplied": [
    {
      "doseNumberPositiveInt": 1
    }
  ],
  "lotNumber": "AB0092",
  "expirationDate": "2025-11-19"
}