{
  "resourceType": "MedicationDispense",
  "identifier": [
    {
      "system": "http://sys-ids.kemkes.go.id/prescription/10000004",
      "use": "official",
      "value": "123456788"
    },
    {
      "system": "http://sys-ids.kemkes.go.id/prescription-item/10000004",
      "use": "official",
      "value": "123456788-1"
    }
  ],
  "status": "completed",
  "category": {
    "coding": [
      {
        "system": "http://terminology.hl7.org/fhir/CodeSystem/medicationdispense-category",
        "code": "outpatient",
        "display": "Outpatient"
      }
    ]
  },
  "medicationReference": {
    "reference": "Medication/66ddd838-8378-4ce4-8825-0ad77a81c8f4",
    "display": "Ferrous Fumarate 60 mg / Folic Acid 0,4 mg Tablet Salut Gula"
  },
  "subject": {
    "reference": "Patient/100000030006",
    "display": "Jane Smith"
  },
  "context": {
    "reference": "Encounter/dd5b8c34-6bb2-43af-b36a-8fcc60a70d4a"
  },
  "performer": [
    {
      "actor": {
        "reference": "Practitioner/N10000003",
        "display": "John Miller"
      }
    }
  ],
  "location": {
    "reference": "Location/52e135eb-1956-4871-ba13-e833e662484d",
    "display": "Apotek Puskesmas Sangat Waras"
  },
  "authorizingPrescription": [
    {
      "reference": "MedicationRequest/90857a2a-d8a8-4e74-b39b-e9a604030e17"
    }
  ],
  "quantity": {
    "system": "http://terminology.hl7.org/CodeSystem/v3-orderableDrugForm",
    "code": "TAB",
    "value": 90
  },
  "daysSupply": {
    "value": 90,
    "unit": "Day",
    "system": "http://unitsofmeasure.org",
    "code": "d"
  },
  "whenPrepared": "2023-08-31T04:30:00+00:00",
  "whenHandedOver": "2023-08-31T04:40:00+00:00",
  "dosageInstruction": [
    {
      "sequence": 1,
      "text": "1 tablet per hari",
      "additionalInstruction": [
        {
          "text": "Diminum setiap hari"
        }
      ],
      "patientInstruction": "1 tablet perhari, diminum setiap hari tanpa jeda selama 3 bulan",
      "timing": {
        "repeat": {
          "frequency": 1,
          "period": 1,
          "periodUnit": "d"
        }
      },
      "route": {
        "coding": [
          {
            "system": "http://www.whocc.no/atc",
            "code": "O",
            "display": "Oral"
          }
        ]
      },
      "doseAndRate": [
        {
          "type": {
            "coding": [
              {
                "system": "http://terminology.hl7.org/CodeSystem/dose-rate-type",
                "code": "ordered",
                "display": "Ordered"
              }
            ]
          },
          "doseQuantity": {
            "value": 1,
            "unit": "TAB",
            "system": "http://terminology.hl7.org/CodeSystem/v3-orderableDrugForm",
            "code": "TAB"
          }
        }
      ]
    }
  ]
}