{
  "resourceType": "Observation",
  "status": "final",
  "category": [
    {
      "coding": [
        {
          "system": "http://terminology.hl7.org/CodeSystem/observation-category",
          "code": "imaging",
          "display": "Imaging"
        }
      ]
    }
  ],
  "code": {
    "coding": [
      {
        "system": "http://loinc.org",
        "code": "11888-5",
        "display": "Gestational age US composite estimate"
      },
      {
        "system": "http://fhir.org/guides/who/anc-cds/CodeSystem/anc-custom-codes",
        "code": "ANC.B6.DE20",
        "display": "Ultrasound"
      }
    ]
  },
  "subject": {
    "reference": "Patient/100000030006",
    "display": "Jane Smith"
  },
  "encounter": {
    "reference": "Encounter/dd5b8c34-6bb2-43af-b36a-8fcc60a70d4a"
  },
  "effectiveDateTime": "2023-08-31T02:50:00+00:00",
  "issued": "2023-08-31T02:50:00+00:00",
  "performer": [
    {
      "reference": "Practitioner/N10000001"
    }
  ],
  "valueQuantity": {
    "value": 28,
    "unit": "wk",
    "system": "http://unitsofmeasure.org",
    "code": "wk"
  },
  "basedOn": [
    {
      "reference": "ServiceRequest/c8f0342c-66a5-405b-9f05-282abbb3eaae"
    }
  ]
}