{
  "resourceType": "Observation",
  "identifier": [
    {
      "system": "http://sys-ids.kemkes.go.id/observation/10000004",
      "value": "O111111"
    }
  ],
  "status": "final",
  "category": [
    {
      "coding": [
        {
          "system": "http://terminology.hl7.org/CodeSystem/observation-category",
          "code": "laboratory",
          "display": "Laboratory"
        }
      ]
    }
  ],
  "code": {
    "coding": [
      {
        "system": "http://loinc.org",
        "code": "883-9",
        "display": "ABO group [Type] in Blood"
      },
      {
        "system": "http://fhir.org/guides/who/anc-cds/CodeSystem/anc-custom-codes",
        "code": "ANC.B9.DE24",
        "display": "Blood type"
      }
    ]
  },
  "subject": {
    "reference": "Patient/100000030006",
    "display": "Jane Smith"
  },
  "encounter": {
    "reference": "Encounter/dd5b8c34-6bb2-43af-b36a-8fcc60a70d4a"
  },
  "effectiveDateTime": "2023-08-31T01:35:00+00:00",
  "issued": "2023-08-31T01:35:00+00:00",
  "performer": [
    {
      "reference": "Practitioner/N10000001"
    }
  ],
  "valueCodeableConcept": {
    "coding": [
      {
        "system": "http://loinc.org",
        "code": "LA19710-5",
        "display": "Group A"
      }
    ]
  }
}