{
  "resourceType": "Observation",
  "status": "final",
  "category": [
    {
      "coding": [
        {
          "system": "http://terminology.hl7.org/CodeSystem/observation-category",
          "code": "exam",
          "display": "Exam"
        }
      ]
    }
  ],
  "code": {
    "coding": [
      {
        "system": "http://loinc.org",
        "code": "89087-1",
        "display": "Fetal Body weight Estimated"
      },
      {
        "system": "http://terminology.kemkes.go.id/CodeSystem/anc-custom-codes",
        "code": "ANC.SS.DE1",
        "display": "Taksiran Berat Janin (TBJ)"
      }
    ]
  },
  "subject": {
    "reference": "Patient/100000030006",
    "display": "Jane Smith"
  },
  "encounter": {
    "reference": "Encounter/dd5b8c34-6bb2-43af-b36a-8fcc60a70d4a"
  },
  "effectiveDateTime": "2023-08-31T02:26:00+00:00",
  "issued": "2023-08-31T02:26:00+00:00",
  "performer": [
    {
      "reference": "Practitioner/N10000001"
    }
  ],
  "valueQuantity": {
    "value": 1200,
    "unit": "g",
    "system": "http://unitsofmeasure.org",
    "code": "g"
  }
}