{
  "resourceType": "Observation",
  "status": "final",
  "category": [
    {
      "coding": [
        {
          "system": "http://terminology.hl7.org/CodeSystem/observation-category",
          "code": "exam",
          "display": "Exam"
        }
      ]
    }
  ],
  "code": {
    "coding": [
      {
        "system": "http://loinc.org",
        "code": "56072-2",
        "display": "Circumference Mid upper arm - right"
      },
      {
        "system": "http://terminology.kemkes.go.id/CodeSystem/anc-custom-codes",
        "code": "ANC.SS.DE3",
        "display": "Lingkar Lengan Atas (LILA)"
      }
    ]
  },
  "subject": {
    "reference": "Patient/100000030006",
    "display": "Jane Smith"
  },
  "encounter": {
    "reference": "Encounter/dd5b8c34-6bb2-43af-b36a-8fcc60a70d4a"
  },
  "effectiveDateTime": "2023-08-31T01:18:00+00:00",
  "issued": "2023-08-31T01:18:00+00:00",
  "performer": [
    {
      "reference": "Practitioner/N10000001"
    }
  ],
  "valueQuantity": {
    "value": 30,
    "unit": "cm",
    "system": "http://unitsofmeasure.org",
    "code": "cm"
  },
  "interpretation": [
    {
      "coding": [
        {
          "system": "http://terminology.kemkes.go.id/CodeSystem/clinical-term",
          "code": "OI000013",
          "display": "Normal"
        }
      ]
    }
  ]
}