{
  "resourceType": "Observation",
  "status": "final",
  "category": [
    {
      "coding": [
        {
          "system": "http://terminology.hl7.org/CodeSystem/observation-category",
          "code": "survey",
          "display": "Survey"
        }
      ]
    }
  ],
  "code": {
    "coding": [
      {
        "system": "http://loinc.org",
        "code": "69043-8",
        "display": "Other pregnancy outcomes #"
      },
      {
        "system": "http://fhir.org/guides/who/anc-cds/CodeSystem/anc-custom-codes",
        "code": "ANC.B6.DE25",
        "display": "Number of miscarriages and/or abortions"
      }
    ]
  },
  "subject": {
    "reference": "Patient/100000030006",
    "display": "Jane Smith"
  },
  "encounter": {
    "reference": "Encounter/dd5b8c34-6bb2-43af-b36a-8fcc60a70d4a"
  },
  "effectiveDateTime": "2023-08-31T01:05:00+00:00",
  "issued": "2023-08-31T01:05:00+00:00",
  "performer": [
    {
      "reference": "Practitioner/N10000001"
    }
  ],
  "valueInteger": 0
}