{
  "resourceType": "Observation",
  "identifier": [
    {
      "system": "http://sys-ids.kemkes.go.id/observation/10000004",
      "value": "O111111"
    }
  ],
  "status": "final",
  "category": [
    {
      "coding": [
        {
          "system": "http://terminology.hl7.org/CodeSystem/observation-category",
          "code": "laboratory",
          "display": "Laboratory"
        }
      ]
    }
  ],
  "code": {
    "coding": [
      {
        "system": "http://loinc.org",
        "code": "11477-7",
        "display": "Microscopic observation [Identifier] in Sputum by Acid fast stain"
      }
    ]
  },
  "subject": {
    "reference": "Patient/100000030006"
  },
  "encounter": {
    "reference": "Encounter/dd5b8c34-6bb2-43af-b36a-8fcc60a70d4a"
  },
  "effectiveDateTime": "2023-08-31T04:00:00+00:00",
  "issued": "2023-08-31T04:00:00+00:00",
  "performer": [
    {
      "reference": "Practitioner/N10000001"
    },
    {
      "reference": "Organization/10000004"
    }
  ],
  "specimen": {
    "reference": "Specimen/ff14615d-4d3c-4c75-9b5e-3504ff4bab68"
  },
  "basedOn": [
    {
      "reference": "ServiceRequest/766c1116-f30c-4c39-a047-8a24c2415ea2"
    }
  ],
  "valueCodeableConcept": {
    "coding": [
      {
        "system": "http://snomed.info/sct",
        "code": "260347006",
        "display": "+"
      }
    ]
  }
}