{
  "resourceType": "Observation",
  "status": "final",
  "category": [
    {
      "coding": [
        {
          "system": "http://terminology.hl7.org/CodeSystem/observation-category",
          "code": "imaging",
          "display": "Imaging"
        }
      ]
    }
  ],
  "code": {
    "coding": [
      {
        "system": "http://loinc.org",
        "code": "11963-6",
        "display": "Fetal Femur diaphysis [Length] US"
      },
      {
        "system": "http://terminology.kemkes.go.id/CodeSystem/anc-custom-codes",
        "code": "ANC.SS.DE44",
        "display": "Femur Length (FL) USG"
      }
    ]
  },
  "subject": {
    "reference": "Patient/100000030006",
    "display": "Jane Smith"
  },
  "encounter": {
    "reference": "Encounter/dd5b8c34-6bb2-43af-b36a-8fcc60a70d4a"
  },
  "effectiveDateTime": "2023-08-31T03:20:00+00:00",
  "issued": "2023-08-31T03:20:00+00:00",
  "performer": [
    {
      "reference": "Practitioner/N10000001"
    }
  ],
  "valueQuantity": {
    "value": 1.84,
    "unit": "cm",
    "system": "http://unitsofmeasure.org",
    "code": "cm"
  },
  "basedOn": [
    {
      "reference": "ServiceRequest/c8f0342c-66a5-405b-9f05-282abbb3eaae"
    }
  ]
}