{
  "resourceType": "Observation",
  "status": "final",
  "category": [
    {
      "coding": [
        {
          "system": "http://terminology.hl7.org/CodeSystem/observation-category",
          "code": "vital-signs",
          "display": "Vital Signs"
        }
      ]
    }
  ],
  "code": {
    "coding": [
      {
        "system": "http://loinc.org",
        "code": "9279-1",
        "display": "Respiratory rate"
      },
      {
        "system": "http://terminology.kemkes.go.id/CodeSystem/anc-custom-codes",
        "code": "ANC.SS.DE2",
        "display": "Pernapasan"
      }
    ]
  },
  "subject": {
    "reference": "Patient/100000030006",
    "display": "Jane Smith"
  },
  "encounter": {
    "reference": "Encounter/dd5b8c34-6bb2-43af-b36a-8fcc60a70d4a"
  },
  "effectiveDateTime": "2023-08-31T01:27:00+00:00",
  "issued": "2023-08-31T01:27:00+00:00",
  "performer": [
    {
      "reference": "Practitioner/N10000001"
    }
  ],
  "valueQuantity": {
    "value": 16,
    "unit": "breaths/minute",
    "system": "http://unitsofmeasure.org",
    "code": "/min"
  }
}