{
  "resourceType": "Observation",
  "status": "final",
  "category": [
    {
      "coding": [
        {
          "system": "http://terminology.hl7.org/CodeSystem/observation-category",
          "code": "survey",
          "display": "Survey"
        }
      ]
    }
  ],
  "code": {
    "coding": [
      {
        "system": "http://loinc.org",
        "code": "32418-6",
        "display": "Obstetric trimester Stated"
      },
      {
        "system": "http://terminology.kemkes.go.id/CodeSystem/anc-custom-codes",
        "code": "ANC.SS.DE13",
        "display": "Trimester ke"
      }
    ]
  },
  "subject": {
    "reference": "Patient/100000030006",
    "display": "Jane Smith"
  },
  "encounter": {
    "reference": "Encounter/dd5b8c34-6bb2-43af-b36a-8fcc60a70d4a"
  },
  "effectiveDateTime": "2023-08-31T14:01:15+00:00",
  "issued": "2023-08-31T14:01:15+00:00",
  "performer": [
    {
      "reference": "Practitioner/N10000001"
    }
  ],
  "valueInteger": 1
}