{
  "resourceType": "Procedure",
  "status": "not-done",
  "category": {
    "coding": [
      {
        "system": "http://snomed.info/sct",
        "code": "409073007",
        "display": "Education"
      }
    ]
  },
  "code": {
    "coding": [
      {
        "system": "http://snomed.info/sct",
        "code": "409073007",
        "display": "Education"
      }
    ]
  },
  "subject": {
    "reference": "Patient/100000030006",
    "display": "Jane Smith"
  },
  "encounter": {
    "reference": "Encounter/dd5b8c34-6bb2-43af-b36a-8fcc60a70d4a"
  },
  "performedPeriod": {
    "start": "2023-08-31T03:30:00+00:00",
    "end": "2023-08-31T03:40:00+00:00"
  },
  "performer": [
    {
      "actor": {
        "reference": "Practitioner/N10000001",
        "display": "Dokter Bronsig"
      }
    }
  ]
}