{
  "resourceType": "QuestionnaireResponse",
  "questionnaire": "https://fhir.kemkes.go.id/Questionnaire/Q0002",
  "status": "completed",
  "subject": {
    "reference": "Patient/100000030006",
    "display": "Jane Smith"
  },
  "encounter": {
    "reference": "Encounter/dd5b8c34-6bb2-43af-b36a-8fcc60a70d4a"
  },
  "authored": "2023-08-31T03:40:00+00:00",
  "author": {
    "reference": "Practitioner/N10000001"
  },
  "source": {
    "reference": "Patient/100000030006"
  },
  "item": [
    {
      "linkId": "3",
      "text": "Lainnya",
      "item": [
        {
          "linkId": "3.1",
          "text": "Apakah disabilitas",
          "answer": [
            {
              "valueBoolean": false
            }
          ]
        },
        {
          "linkId": "3.2",
          "text": "Apakah mengikuti kelas ibu hamil?",
          "answer": [
            {
              "valueBoolean": false
            }
          ]
        }
      ]
    }
  ]
}