{
  "resourceType": "Condition",
  "clinicalStatus": {
    "coding": [
      {
        "system": "http://terminology.hl7.org/CodeSystem/condition-clinical",
        "code": "active",
        "display": "Active"
      }
    ]
  },
  "category": [
    {
      "coding": [
        {
          "system": "http://terminology.hl7.org/CodeSystem/condition-category",
          "code": "problem-list-item",
          "display": "Problem List Item"
        }
      ]
    }
  ],
  "code": {
    "coding": [
      {
        "system": "http://snomed.info/sct",
        "code": "359746009",
        "display": "Patient's condition stable"
      }
    ]
  },
  "subject": {
    "reference": "Patient/{{Patient_id}}",
    "display": "{{Patient_Name}}"
  },
  "encounter": {
    "reference": "Encounter/{{Encounter_id}}"
  },
  "recordedDate": "2023-08-31T04:10:00+00:00"
}