{
  "resourceType": "DiagnosticReport",
  "identifier": [
    {
      "system": "http://sys-ids.kemkes.go.id/diagnostic/{{Org_id}}/lab",
      "use": "official",
      "value": "5234342"
    }
  ],
  "status": "final",
  "category": [
    {
      "coding": [
        {
          "system": "http://terminology.hl7.org/CodeSystem/v2-0074",
          "code": "LAB",
          "display": "Laboratory"
        }
      ]
    }
  ],
  "code": {
    "coding": [
      {
        "system": "http://terminology.kemkes.go.id/CodeSystem/examination",
        "code": "X099418",
        "display": "Rapid HIV + Sifilis"
      }
    ]
  },
  "subject": {
    "reference": "Patient/{{Patient_id}}"
  },
  "encounter": {
    "reference": "Encounter/{{Encounter_id}}"
  },
  "effectiveDateTime": "2023-08-31T15:25:00+00:00",
  "issued": "2023-08-31T15:25:00+00:00",
  "performer": [
    {
      "reference": "Practitioner/{{Practitioner_id}}"
    },
    {
      "reference": "Organization/{{Org_id}}"
    }
  ],
  "result": [
    {
      "id": "1",
      "reference": "Observation/{{Observation_Lab_Result_1}}"
    },
    {
      "id": "2",
      "reference": "Observation/{{Observation_Lab_Result_2}}"
    },
    {
      "id": "3",
      "reference": "Observation/{{Observation_Lab_Result_3}}"
    }
  ],
  "specimen": [
    {
      "reference": "Specimen/{{Specimen_Lab}}"
    }
  ],
  "basedOn": [
    {
      "reference": "ServiceRequest/{{ServiceRequest_Lab}}"
    }
  ],
  "conclusionCode": [
    {
      "coding": [
        {
          "system": "http://loinc.org",
          "code": "LA6576-8",
          "display": "Positive"
        }
      ],
      "text": "Hasil Pemeriksaan HIV"
    },
    {
      "coding": [
        {
          "system": "http://loinc.org",
          "code": "LA15256-3",
          "display": "Nonreactive"
        }
      ],
      "text": "Hasil Pemeriksaan Sifilis"
    }
  ]
}