{
  "resourceType": "Observation",
  "identifier": [
    {
      "system": "http://sys-ids.kemkes.go.id/observation/{{Org_id}}",
      "value": "O111111"
    }
  ],
  "status": "final",
  "category": [
    {
      "coding": [
        {
          "system": "http://terminology.hl7.org/CodeSystem/observation-category",
          "code": "laboratory",
          "display": "Laboratory"
        }
      ]
    }
  ],
  "code": {
    "coding": [
      {
        "system": "http://loinc.org",
        "code": "31147-2",
        "display": "Reagin Ab [Titer] in Serum by RPR"
      }
    ]
  },
  "subject": {
    "reference": "Patient/{{Patient_id}}"
  },
  "encounter": {
    "reference": "Encounter/{{Encounter_id}}"
  },
  "effectiveDateTime": "2023-08-31T15:25:00+00:00",
  "issued": "2023-08-31T15:25:00+00:00",
  "performer": [
    {
      "reference": "Practitioner/{{Practitioner_id}}"
    },
    {
      "reference": "Organization/{{Org_id}}"
    }
  ],
  "specimen": {
    "reference": "Specimen/{{Specimen_Lab}}"
  },
  "basedOn": [
    {
      "reference": "ServiceRequest/{{ServiceRequest_Lab}}"
    }
  ],
  "valueRatio": {
    "numerator": {
      "value": 1,
      "unit": "{titer}",
      "system": "http://unitsofmeasure.org",
      "code": "{titer}"
    },
    "denominator": {
      "value": 16,
      "unit": "{titer}",
      "system": "http://unitsofmeasure.org",
      "code": "{titer}"
    }
  }
}