{
  "resourceType": "StructureDefinition",
  "id": "CareTeam",
  "meta": {
    "lastUpdated": "2019-11-01T09:29:23.356+11:00"
  },
  "extension": [
    {
      "url": "http://hl7.org/fhir/StructureDefinition/structuredefinition-category",
      "valueString": "Clinical.Care Provision"
    },
    {
      "url": "http://hl7.org/fhir/StructureDefinition/structuredefinition-standards-status",
      "valueCode": "trial-use"
    },
    {
      "url": "http://hl7.org/fhir/StructureDefinition/structuredefinition-fmm",
      "valueInteger": 2
    },
    {
      "url": "http://hl7.org/fhir/StructureDefinition/structuredefinition-security-category",
      "valueCode": "patient"
    },
    {
      "url": "http://hl7.org/fhir/StructureDefinition/structuredefinition-wg",
      "valueCode": "pc"
    }
  ],
  "url": "https://fhir.kemkes.go.id/r4/StructureDefinition/CareTeam",
  "version": "4.0.1",
  "name": "CareTeam",
  "status": "draft",
  "date": "2022-07-08T15:10:50.6856647+00:00",
  "publisher": "Health Level Seven International (Patient Care)",
  "contact": [
    {
      "telecom": [
        {
          "system": "url",
          "value": "http://hl7.org/fhir"
        }
      ]
    },
    {
      "telecom": [
        {
          "system": "url",
          "value": "http://www.hl7.org/Special/committees/patientcare/index.cfm"
        }
      ]
    }
  ],
  "description": "The Care Team includes all the people and organizations who plan to participate in the coordination and delivery of care for a patient.",
  "fhirVersion": "4.0.1",
  "mapping": [
    {
      "identity": "w5",
      "uri": "http://hl7.org/fhir/fivews",
      "name": "FiveWs Pattern Mapping"
    },
    {
      "identity": "v2",
      "uri": "http://hl7.org/v2",
      "name": "HL7 v2 Mapping"
    },
    {
      "identity": "rim",
      "uri": "http://hl7.org/v3",
      "name": "RIM Mapping"
    }
  ],
  "kind": "resource",
  "abstract": false,
  "type": "CareTeam",
  "baseDefinition": "http://hl7.org/fhir/StructureDefinition/DomainResource",
  "derivation": "specialization",
  "differential": {
    "element": [
      {
        "id": "CareTeam",
        "path": "CareTeam",
        "short": "Planned participants in the coordination and delivery of care for a patient or group",
        "definition": "The Care Team includes all the people and organizations who plan to participate in the coordination and delivery of care for a patient."
      },
      {
        "id": "CareTeam.identifier",
        "path": "CareTeam.identifier",
        "short": "External Ids for this team",
        "definition": "Business identifiers assigned to this care team by the performer or other systems which remain constant as the resource is updated and propagates from server to server.",
        "comment": "This is a business identifier, not a resource identifier (see [discussion](resource.html#identifiers)).  It is best practice for the identifier to only appear on a single resource instance, however business practices may occasionally dictate that multiple resource instances with the same identifier can exist - possibly even with different resource types.  For example, multiple Patient and a Person resource instance might share the same social insurance number.",
        "requirements": "Allows identification of the care team as it is known by various participating systems and in a way that remains consistent across servers.",
        "type": [
          {
            "code": "Identifier"
          }
        ],
        "isSummary": true,
        "mapping": [
          {
            "identity": "w5",
            "map": "FiveWs.identifier"
          }
        ]
      },
      {
        "id": "CareTeam.status",
        "path": "CareTeam.status",
        "short": "proposed | active | suspended | inactive | entered-in-error",
        "definition": "Indicates the current state of the care team.",
        "comment": "This element is labeled as a modifier because the status contains the code entered-in-error that marks the care team as not currently valid.",
        "max": "1",
        "type": [
          {
            "code": "code"
          }
        ],
        "isModifier": true,
        "isModifierReason": "This element is labelled as a modifier because it is a status element that contains status entered-in-error which means that the resource should not be treated as valid",
        "isSummary": true,
        "binding": {
          "extension": [
            {
              "url": "http://hl7.org/fhir/StructureDefinition/elementdefinition-bindingName",
              "valueString": "CareTeamStatus"
            }
          ],
          "strength": "required",
          "description": "Indicates the status of the care team.",
          "valueSet": "http://hl7.org/fhir/ValueSet/care-team-status|4.0.1"
        },
        "mapping": [
          {
            "identity": "w5",
            "map": "FiveWs.status"
          }
        ]
      },
      {
        "id": "CareTeam.category",
        "path": "CareTeam.category",
        "short": "Type of team",
        "definition": "Identifies what kind of team.  This is to support differentiation between multiple co-existing teams, such as care plan team, episode of care team, longitudinal care team.",
        "comment": "There may be multiple axis of categorization and one team may serve multiple purposes.",
        "requirements": "Used for filtering what teams(s) are retrieved and displayed to different types of users.",
        "type": [
          {
            "code": "CodeableConcept"
          }
        ],
        "isSummary": true,
        "binding": {
          "extension": [
            {
              "url": "http://hl7.org/fhir/StructureDefinition/elementdefinition-bindingName",
              "valueString": "CareTeamCategory"
            }
          ],
          "strength": "example",
          "description": "Indicates the type of care team.",
          "valueSet": "http://hl7.org/fhir/ValueSet/care-team-category"
        },
        "mapping": [
          {
            "identity": "w5",
            "map": "FiveWs.class"
          }
        ]
      },
      {
        "id": "CareTeam.name",
        "path": "CareTeam.name",
        "short": "Name of the team, such as crisis assessment team",
        "definition": "A label for human use intended to distinguish like teams.  E.g. the \"red\" vs. \"green\" trauma teams.",
        "comment": "The meaning/purpose of the team is conveyed in CareTeam.category.  This element may also convey semantics of the team (e.g. \"Red trauma team\"), but its primary purpose is to distinguish between identical teams in a human-friendly way.  (\"Team 18735\" isn't as friendly.).",
        "max": "1",
        "type": [
          {
            "code": "string"
          }
        ],
        "isSummary": true
      },
      {
        "id": "CareTeam.subject",
        "path": "CareTeam.subject",
        "short": "Who care team is for",
        "definition": "Identifies the patient or group whose intended care is handled by the team.",
        "requirements": "Allows the team to care for a group (e.g. marriage) therapy. \nAllows for an organization to designate a team such as the PICC line team.",
        "alias": [
          "patient"
        ],
        "max": "1",
        "type": [
          {
            "code": "Reference",
            "targetProfile": [
              "http://hl7.org/fhir/StructureDefinition/Patient",
              "http://hl7.org/fhir/StructureDefinition/Group"
            ]
          }
        ],
        "isSummary": true,
        "mapping": [
          {
            "identity": "w5",
            "map": "FiveWs.subject[x]"
          },
          {
            "identity": "w5",
            "map": "FiveWs.subject"
          }
        ]
      },
      {
        "id": "CareTeam.encounter",
        "path": "CareTeam.encounter",
        "short": "Encounter created as part of",
        "definition": "The Encounter during which this CareTeam was created or to which the creation of this record is tightly associated.",
        "comment": "This will typically be the encounter the event occurred within, but some activities may be initiated prior to or after the official completion of an encounter but still be tied to the context of the encounter.",
        "max": "1",
        "type": [
          {
            "code": "Reference",
            "targetProfile": [
              "http://hl7.org/fhir/StructureDefinition/Encounter"
            ]
          }
        ],
        "isSummary": true,
        "mapping": [
          {
            "identity": "w5",
            "map": "FiveWs.context"
          }
        ]
      },
      {
        "id": "CareTeam.period",
        "path": "CareTeam.period",
        "short": "Time period team covers",
        "definition": "Indicates when the team did (or is intended to) come into effect and end.",
        "requirements": "Allows tracking what team(s) are in effect at a particular time.",
        "max": "1",
        "type": [
          {
            "code": "Period"
          }
        ],
        "isSummary": true,
        "mapping": [
          {
            "identity": "w5",
            "map": "FiveWs.init"
          }
        ]
      },
      {
        "id": "CareTeam.participant",
        "path": "CareTeam.participant",
        "short": "Members of the team",
        "definition": "Identifies all people and organizations who are expected to be involved in the care team.",
        "type": [
          {
            "code": "BackboneElement"
          }
        ],
        "condition": [
          "ctm-1"
        ],
        "constraint": [
          {
            "key": "ctm-1",
            "severity": "error",
            "human": "CareTeam.participant.onBehalfOf can only be populated when CareTeam.participant.member is a Practitioner",
            "expression": "onBehalfOf.exists() implies (member.resolve().iif(empty(), true, ofType(Practitioner).exists()))",
            "xpath": "starts-with(f:member/f:reference/@value, 'Practitioner/') or contains(f:member/f:reference/@value, '/Practitioner/') or exists(ancestor::*/f:contains/f:Practitioner/f:id[@value=substring-after(current()/f:member/f:reference/@value, '#')]) or not(exists(f:onBehalfOf))",
            "source": "http://hl7.org/fhir/StructureDefinition/CareTeam"
          }
        ],
        "mapping": [
          {
            "identity": "v2",
            "map": "REL (REL.4 is always the Patient) ( or PRT?)"
          },
          {
            "identity": "rim",
            "map": ".participation[typeCode=PRF]"
          }
        ]
      },
      {
        "id": "CareTeam.participant.role",
        "path": "CareTeam.participant.role",
        "short": "Type of involvement",
        "definition": "Indicates specific responsibility of an individual within the care team, such as \"Primary care physician\", \"Trained social worker counselor\", \"Caregiver\", etc.",
        "comment": "Roles may sometimes be inferred by type of Practitioner.  These are relationships that hold only within the context of the care team.  General relationships should be handled as properties of the Patient resource directly.",
        "type": [
          {
            "code": "CodeableConcept"
          }
        ],
        "isSummary": true,
        "binding": {
          "extension": [
            {
              "url": "http://hl7.org/fhir/StructureDefinition/elementdefinition-bindingName",
              "valueString": "CareTeamParticipantRole"
            }
          ],
          "strength": "example",
          "description": "Indicates specific responsibility of an individual within the care team, such as \"Primary physician\", \"Team coordinator\", \"Caregiver\", etc.",
          "valueSet": "http://hl7.org/fhir/ValueSet/participant-role"
        },
        "mapping": [
          {
            "identity": "v2",
            "map": "REL.2 (or PRT-4?)"
          },
          {
            "identity": "rim",
            "map": ".functionCode"
          }
        ]
      },
      {
        "id": "CareTeam.participant.member",
        "path": "CareTeam.participant.member",
        "short": "Who is involved",
        "definition": "The specific person or organization who is participating/expected to participate in the care team.",
        "comment": "Patient only needs to be listed if they have a role other than \"subject of care\".\n\nMember is optional because some participants may be known only by their role, particularly in draft plans.",
        "max": "1",
        "type": [
          {
            "code": "Reference",
            "targetProfile": [
              "http://hl7.org/fhir/StructureDefinition/Practitioner",
              "http://hl7.org/fhir/StructureDefinition/PractitionerRole",
              "http://hl7.org/fhir/StructureDefinition/RelatedPerson",
              "http://hl7.org/fhir/StructureDefinition/Patient",
              "http://hl7.org/fhir/StructureDefinition/Organization",
              "http://hl7.org/fhir/StructureDefinition/CareTeam"
            ]
          }
        ],
        "isSummary": true,
        "mapping": [
          {
            "identity": "w5",
            "map": "FiveWs.actor"
          },
          {
            "identity": "v2",
            "map": "REL.5 (or PRT-5 : ( PRV-4 {provider participations} ) / PRT-5 : ( PRV-4  {non-provider person participations} ) / PRT-5 : ( PRV-4 = (patient non-subject of care) ) / PRT-8?)"
          },
          {
            "identity": "rim",
            "map": ".role"
          }
        ]
      },
      {
        "id": "CareTeam.participant.onBehalfOf",
        "path": "CareTeam.participant.onBehalfOf",
        "short": "Organization of the practitioner",
        "definition": "The organization of the practitioner.",
        "requirements": "Practitioners can be associated with multiple organizations.  This element indicates which organization they were acting on behalf of.",
        "max": "1",
        "type": [
          {
            "code": "Reference",
            "targetProfile": [
              "http://hl7.org/fhir/StructureDefinition/Organization"
            ]
          }
        ],
        "isSummary": true
      },
      {
        "id": "CareTeam.participant.period",
        "path": "CareTeam.participant.period",
        "short": "Time period of participant",
        "definition": "Indicates when the specific member or organization did (or is intended to) come into effect and end.",
        "max": "1",
        "type": [
          {
            "code": "Period"
          }
        ]
      },
      {
        "id": "CareTeam.reasonCode",
        "path": "CareTeam.reasonCode",
        "short": "Why the care team exists",
        "definition": "Describes why the care team exists.",
        "type": [
          {
            "code": "CodeableConcept"
          }
        ],
        "binding": {
          "extension": [
            {
              "url": "http://hl7.org/fhir/StructureDefinition/elementdefinition-bindingName",
              "valueString": "CareTeamReason"
            }
          ],
          "strength": "example",
          "description": "Indicates the reason for the care team.",
          "valueSet": "http://hl7.org/fhir/ValueSet/clinical-findings"
        },
        "mapping": [
          {
            "identity": "w5",
            "map": "FiveWs.why[x]"
          }
        ]
      },
      {
        "id": "CareTeam.reasonReference",
        "path": "CareTeam.reasonReference",
        "short": "Why the care team exists",
        "definition": "Condition(s) that this care team addresses.",
        "type": [
          {
            "code": "Reference",
            "targetProfile": [
              "http://hl7.org/fhir/StructureDefinition/Condition"
            ]
          }
        ],
        "mapping": [
          {
            "identity": "w5",
            "map": "FiveWs.why[x]"
          }
        ]
      },
      {
        "id": "CareTeam.managingOrganization",
        "path": "CareTeam.managingOrganization",
        "short": "Organization responsible for the care team",
        "definition": "The organization responsible for the care team.",
        "requirements": "Allows for multiple organizations to collaboratively manage cross-organizational, longitudinal care plan.",
        "type": [
          {
            "code": "Reference",
            "targetProfile": [
              "http://hl7.org/fhir/StructureDefinition/Organization"
            ]
          }
        ],
        "isSummary": true
      },
      {
        "id": "CareTeam.telecom",
        "path": "CareTeam.telecom",
        "short": "A contact detail for the care team (that applies to all members)",
        "definition": "A central contact detail for the care team (that applies to all members).",
        "comment": "The ContactPoint.use code of home is not appropriate to use. These contacts are not the contact details of individual care team members.",
        "type": [
          {
            "code": "ContactPoint"
          }
        ]
      },
      {
        "id": "CareTeam.note",
        "path": "CareTeam.note",
        "short": "Comments made about the CareTeam",
        "definition": "Comments made about the CareTeam.",
        "type": [
          {
            "code": "Annotation"
          }
        ]
      }
    ]
  }
}