{
  "resourceType": "StructureDefinition",
  "id": "Device",
  "meta": {
    "lastUpdated": "2019-11-01T09:29:23.356+11:00"
  },
  "extension": [
    {
      "url": "http://hl7.org/fhir/StructureDefinition/structuredefinition-category",
      "valueString": "Base.Entities"
    },
    {
      "url": "http://hl7.org/fhir/StructureDefinition/structuredefinition-standards-status",
      "valueCode": "trial-use"
    },
    {
      "url": "http://hl7.org/fhir/StructureDefinition/structuredefinition-fmm",
      "valueInteger": 2
    },
    {
      "url": "http://hl7.org/fhir/StructureDefinition/structuredefinition-security-category",
      "valueCode": "business"
    },
    {
      "url": "http://hl7.org/fhir/StructureDefinition/structuredefinition-wg",
      "valueCode": "oo"
    }
  ],
  "url": "https://fhir.kemkes.go.id/r4/StructureDefinition/Device",
  "version": "4.0.1",
  "name": "Device",
  "status": "draft",
  "date": "2022-07-08T15:10:50.6856647+00:00",
  "publisher": "Health Level Seven International (Orders and Observations)",
  "contact": [
    {
      "telecom": [
        {
          "system": "url",
          "value": "http://hl7.org/fhir"
        }
      ]
    },
    {
      "telecom": [
        {
          "system": "url",
          "value": "http://www.hl7.org/Special/committees/orders/index.cfm"
        }
      ]
    }
  ],
  "description": "A type of a manufactured item that is used in the provision of healthcare without being substantially changed through that activity. The device may be a medical or non-medical device.",
  "purpose": "Allows institutions to track their devices.",
  "fhirVersion": "4.0.1",
  "mapping": [
    {
      "identity": "rim",
      "uri": "http://hl7.org/v3",
      "name": "RIM Mapping"
    },
    {
      "identity": "w5",
      "uri": "http://hl7.org/fhir/fivews",
      "name": "FiveWs Pattern Mapping"
    },
    {
      "identity": "udi",
      "uri": "http://fda.gov/UDI",
      "name": "UDI Mapping"
    }
  ],
  "kind": "resource",
  "abstract": false,
  "type": "Device",
  "baseDefinition": "http://hl7.org/fhir/StructureDefinition/DomainResource",
  "derivation": "specialization",
  "differential": {
    "element": [
      {
        "id": "Device",
        "path": "Device",
        "short": "Item used in healthcare",
        "definition": "A type of a manufactured item that is used in the provision of healthcare without being substantially changed through that activity. The device may be a medical or non-medical device.",
        "mapping": [
          {
            "identity": "rim",
            "map": "Device"
          }
        ]
      },
      {
        "id": "Device.identifier",
        "path": "Device.identifier",
        "short": "Instance identifier",
        "definition": "Unique instance identifiers assigned to a device by manufacturers other organizations or owners.",
        "comment": "The barcode string from a barcode present on a device label or package may identify the instance, include names given to the device in local usage, or may identify the type of device. If the identifier identifies the type of device, Device.type element should be used.",
        "type": [
          {
            "code": "Identifier"
          }
        ],
        "mapping": [
          {
            "identity": "w5",
            "map": "FiveWs.identifier"
          },
          {
            "identity": "rim",
            "map": ".id"
          },
          {
            "identity": "udi",
            "map": "The serial number which is a component of the production identifier (PI), a conditional, variable portion of a UDI.   The identifier.type code should be set to “SNO”(Serial Number) and the system left empty."
          }
        ]
      },
      {
        "id": "Device.definition",
        "path": "Device.definition",
        "short": "The reference to the definition for the device",
        "definition": "The reference to the definition for the device.",
        "max": "1",
        "type": [
          {
            "code": "Reference",
            "targetProfile": [
              "http://hl7.org/fhir/StructureDefinition/DeviceDefinition"
            ]
          }
        ]
      },
      {
        "id": "Device.udiCarrier",
        "path": "Device.udiCarrier",
        "short": "Unique Device Identifier (UDI) Barcode string",
        "definition": "Unique device identifier (UDI) assigned to device label or package.  Note that the Device may include multiple udiCarriers as it either may include just the udiCarrier for the jurisdiction it is sold, or for multiple jurisdictions it could have been sold.",
        "comment": "UDI may identify an unique instance of a device, or it may only identify the type of the device.  See [UDI mappings](device-mappings.html#udi) for a complete mapping of UDI parts to Device.",
        "type": [
          {
            "code": "BackboneElement"
          }
        ],
        "isSummary": true,
        "mapping": [
          {
            "identity": "w5",
            "map": "FiveWs.identifier"
          },
          {
            "identity": "rim",
            "map": ".id and .code"
          }
        ]
      },
      {
        "id": "Device.udiCarrier.deviceIdentifier",
        "path": "Device.udiCarrier.deviceIdentifier",
        "short": "Mandatory fixed portion of UDI",
        "definition": "The device identifier (DI) is a mandatory, fixed portion of a UDI that identifies the labeler and the specific version or model of a device.",
        "alias": [
          "DI"
        ],
        "max": "1",
        "type": [
          {
            "code": "string"
          }
        ],
        "isSummary": true,
        "mapping": [
          {
            "identity": "w5",
            "map": "FiveWs.what[x]"
          },
          {
            "identity": "rim",
            "map": "Role.id.extension"
          },
          {
            "identity": "udi",
            "map": "The device identifier (DI), a mandatory, fixed portion of a UDI that identifies the labeler and the specific version or model of a device."
          }
        ]
      },
      {
        "id": "Device.udiCarrier.issuer",
        "path": "Device.udiCarrier.issuer",
        "short": "UDI Issuing Organization",
        "definition": "Organization that is charged with issuing UDIs for devices.  For example, the US FDA issuers include :\n1) GS1: \nhttp://hl7.org/fhir/NamingSystem/gs1-di, \n2) HIBCC:\nhttp://hl7.org/fhir/NamingSystem/hibcc-dI, \n3) ICCBBA for blood containers:\nhttp://hl7.org/fhir/NamingSystem/iccbba-blood-di, \n4) ICCBA for other devices:\nhttp://hl7.org/fhir/NamingSystem/iccbba-other-di.",
        "alias": [
          "Barcode System"
        ],
        "max": "1",
        "type": [
          {
            "code": "uri"
          }
        ],
        "mapping": [
          {
            "identity": "rim",
            "map": "Role.id.root"
          },
          {
            "identity": "udi",
            "map": "All UDIs are to be issued under a system operated by an Jurisdiction-accredited issuing agency.\nGS1 DIs: \n http://hl7.org/fhir/NamingSystem/gs1\nHIBCC DIs:\n http://hl7.org/fhir/NamingSystem/hibcc\nICCBBA DIs for blood containers:\n http://hl7.org/fhir/NamingSystem/iccbba-blood\nICCBA DIs for other devices:\n http://hl7.org/fhir/NamingSystem/iccbba-other"
          }
        ]
      },
      {
        "id": "Device.udiCarrier.jurisdiction",
        "path": "Device.udiCarrier.jurisdiction",
        "short": "Regional UDI authority",
        "definition": "The identity of the authoritative source for UDI generation within a  jurisdiction.  All UDIs are globally unique within a single namespace with the appropriate repository uri as the system.  For example,  UDIs of devices managed in the U.S. by the FDA, the value is  http://hl7.org/fhir/NamingSystem/fda-udi.",
        "requirements": "Allows a recipient of a UDI to know which database will contain the UDI-associated metadata.",
        "max": "1",
        "type": [
          {
            "code": "uri"
          }
        ],
        "mapping": [
          {
            "identity": "rim",
            "map": "Role.scoper"
          }
        ]
      },
      {
        "id": "Device.udiCarrier.carrierAIDC",
        "path": "Device.udiCarrier.carrierAIDC",
        "short": "UDI Machine Readable Barcode String",
        "definition": "The full UDI carrier of the Automatic Identification and Data Capture (AIDC) technology representation of the barcode string as printed on the packaging of the device - e.g., a barcode or RFID.   Because of limitations on character sets in XML and the need to round-trip JSON data through XML, AIDC Formats *SHALL* be base64 encoded.",
        "comment": "The AIDC form of UDIs should be scanned or otherwise used for the identification of the device whenever possible to minimize errors in records resulting from manual transcriptions. If separate barcodes for DI and PI are present, concatenate the string with DI first and in order of human readable expression on label.",
        "alias": [
          "Automatic Identification and Data Capture"
        ],
        "max": "1",
        "type": [
          {
            "code": "base64Binary"
          }
        ],
        "isSummary": true,
        "mapping": [
          {
            "identity": "rim",
            "map": "Role.id.extension"
          },
          {
            "identity": "udi",
            "map": "A unique device identifier (UDI) on a device label a form that uses automatic identification and data capture (AIDC) technology."
          }
        ]
      },
      {
        "id": "Device.udiCarrier.carrierHRF",
        "path": "Device.udiCarrier.carrierHRF",
        "short": "UDI Human Readable Barcode String",
        "definition": "The full UDI carrier as the human readable form (HRF) representation of the barcode string as printed on the packaging of the device.",
        "comment": "If separate barcodes for DI and PI are present, concatenate the string with DI first and in order of human readable expression on label.",
        "alias": [
          "Human Readable Form"
        ],
        "max": "1",
        "type": [
          {
            "code": "string"
          }
        ],
        "isSummary": true,
        "mapping": [
          {
            "identity": "rim",
            "map": "Role.id.extension"
          },
          {
            "identity": "udi",
            "map": "A unique device identifier (UDI) on a device label in plain text"
          }
        ]
      },
      {
        "id": "Device.udiCarrier.entryType",
        "path": "Device.udiCarrier.entryType",
        "short": "barcode | rfid | manual +",
        "definition": "A coded entry to indicate how the data was entered.",
        "requirements": "Supports a way to distinguish hand entered from machine read data.",
        "max": "1",
        "type": [
          {
            "code": "code"
          }
        ],
        "binding": {
          "extension": [
            {
              "url": "http://hl7.org/fhir/StructureDefinition/elementdefinition-bindingName",
              "valueString": "UDIEntryType"
            }
          ],
          "strength": "required",
          "description": "Codes to identify how UDI data was entered.",
          "valueSet": "http://hl7.org/fhir/ValueSet/udi-entry-type|4.0.1"
        },
        "mapping": [
          {
            "identity": "rim",
            "map": "NA"
          }
        ]
      },
      {
        "id": "Device.status",
        "path": "Device.status",
        "short": "active | inactive | entered-in-error | unknown",
        "definition": "Status of the Device availability.",
        "comment": "This element is labeled as a modifier because the status contains the codes inactive and entered-in-error that mark the device (record)as not currently valid.",
        "max": "1",
        "type": [
          {
            "code": "code"
          }
        ],
        "isModifier": true,
        "isModifierReason": "This element is labelled as a modifier because it is a status element that contains status entered-in-error which means that the resource should not be treated as valid",
        "isSummary": true,
        "binding": {
          "extension": [
            {
              "url": "http://hl7.org/fhir/StructureDefinition/elementdefinition-bindingName",
              "valueString": "FHIRDeviceStatus"
            }
          ],
          "strength": "required",
          "description": "The availability status of the device.",
          "valueSet": "http://hl7.org/fhir/ValueSet/device-status|4.0.1"
        },
        "mapping": [
          {
            "identity": "w5",
            "map": "FiveWs.status"
          },
          {
            "identity": "rim",
            "map": ".statusCode"
          }
        ]
      },
      {
        "id": "Device.statusReason",
        "path": "Device.statusReason",
        "short": "online | paused | standby | offline | not-ready | transduc-discon | hw-discon | off",
        "definition": "Reason for the dtatus of the Device availability.",
        "type": [
          {
            "code": "CodeableConcept"
          }
        ],
        "binding": {
          "extension": [
            {
              "url": "http://hl7.org/fhir/StructureDefinition/elementdefinition-bindingName",
              "valueString": "FHIRDeviceStatusReason"
            }
          ],
          "strength": "extensible",
          "description": "The availability status reason of the device.",
          "valueSet": "http://hl7.org/fhir/ValueSet/device-status-reason"
        },
        "mapping": [
          {
            "identity": "w5",
            "map": "FiveWs.status"
          }
        ]
      },
      {
        "id": "Device.distinctIdentifier",
        "path": "Device.distinctIdentifier",
        "short": "The distinct identification string",
        "definition": "The distinct identification string as required by regulation for a human cell, tissue, or cellular and tissue-based product.",
        "comment": "For example, this applies to devices in the United States regulated under *Code of Federal Regulation 21CFR§1271.290(c)*.",
        "alias": [
          "Distinct Identification Code (DIC)"
        ],
        "max": "1",
        "type": [
          {
            "code": "string"
          }
        ],
        "mapping": [
          {
            "identity": "w5",
            "map": "FiveWs.what[x]"
          },
          {
            "identity": "rim",
            "map": ".lotNumberText"
          },
          {
            "identity": "udi",
            "map": "The lot or batch number within which a device was manufactured - which is a component of the production identifier (PI), a conditional, variable portion of a UDI."
          }
        ]
      },
      {
        "id": "Device.manufacturer",
        "path": "Device.manufacturer",
        "short": "Name of device manufacturer",
        "definition": "A name of the manufacturer.",
        "max": "1",
        "type": [
          {
            "code": "string"
          }
        ],
        "mapping": [
          {
            "identity": "w5",
            "map": "FiveWs.what[x]"
          },
          {
            "identity": "rim",
            "map": ".playedRole[typeCode=MANU].scoper.name"
          },
          {
            "identity": "udi",
            "map": "N/A"
          }
        ]
      },
      {
        "id": "Device.manufactureDate",
        "path": "Device.manufactureDate",
        "short": "Date when the device was made",
        "definition": "The date and time when the device was manufactured.",
        "max": "1",
        "type": [
          {
            "code": "dateTime"
          }
        ],
        "mapping": [
          {
            "identity": "w5",
            "map": "FiveWs.what[x]"
          },
          {
            "identity": "rim",
            "map": ".existenceTime.low"
          },
          {
            "identity": "udi",
            "map": "The date a specific device was manufactured - which is a component of the production identifier (PI), a conditional, variable portion of a UDI.  For FHIR, The datetime syntax must converted to YYYY-MM-DD[THH:MM:SS].  If hour is present, the minutes and seconds should both be set to “00”."
          }
        ]
      },
      {
        "id": "Device.expirationDate",
        "path": "Device.expirationDate",
        "short": "Date and time of expiry of this device (if applicable)",
        "definition": "The date and time beyond which this device is no longer valid or should not be used (if applicable).",
        "max": "1",
        "type": [
          {
            "code": "dateTime"
          }
        ],
        "mapping": [
          {
            "identity": "w5",
            "map": "FiveWs.what[x]"
          },
          {
            "identity": "rim",
            "map": ".expirationTime"
          },
          {
            "identity": "udi",
            "map": "the expiration date of a specific device -  which is a component of the production identifier (PI), a conditional, variable portion of a UDI.  For FHIR, The datetime syntax must converted to YYYY-MM-DD[THH:MM:SS].  If hour is present, the minutes and seconds should both be set to “00”."
          }
        ]
      },
      {
        "id": "Device.lotNumber",
        "path": "Device.lotNumber",
        "short": "Lot number of manufacture",
        "definition": "Lot number assigned by the manufacturer.",
        "max": "1",
        "type": [
          {
            "code": "string"
          }
        ],
        "mapping": [
          {
            "identity": "w5",
            "map": "FiveWs.what[x]"
          },
          {
            "identity": "rim",
            "map": ".lotNumberText"
          },
          {
            "identity": "udi",
            "map": "The lot or batch number within which a device was manufactured - which is a component of the production identifier (PI), a conditional, variable portion of a UDI."
          }
        ]
      },
      {
        "id": "Device.serialNumber",
        "path": "Device.serialNumber",
        "short": "Serial number assigned by the manufacturer",
        "definition": "The serial number assigned by the organization when the device was manufactured.",
        "comment": "Alphanumeric Maximum 20.",
        "max": "1",
        "type": [
          {
            "code": "string"
          }
        ],
        "mapping": [
          {
            "identity": "w5",
            "map": "FiveWs.what[x]"
          },
          {
            "identity": "rim",
            "map": ".playedRole[typeCode=MANU].id"
          }
        ]
      },
      {
        "id": "Device.deviceName",
        "path": "Device.deviceName",
        "short": "The name of the device as given by the manufacturer",
        "definition": "This represents the manufacturer's name of the device as provided by the device, from a UDI label, or by a person describing the Device.  This typically would be used when a person provides the name(s) or when the device represents one of the names available from DeviceDefinition.",
        "type": [
          {
            "code": "BackboneElement"
          }
        ]
      },
      {
        "id": "Device.deviceName.name",
        "path": "Device.deviceName.name",
        "short": "The name of the device",
        "definition": "The name of the device.",
        "alias": [
          "Σ"
        ],
        "min": 1,
        "max": "1",
        "type": [
          {
            "code": "string"
          }
        ]
      },
      {
        "id": "Device.deviceName.type",
        "path": "Device.deviceName.type",
        "short": "udi-label-name | user-friendly-name | patient-reported-name | manufacturer-name | model-name | other",
        "definition": "The type of deviceName.\nUDILabelName | UserFriendlyName | PatientReportedName | ManufactureDeviceName | ModelName.",
        "min": 1,
        "max": "1",
        "type": [
          {
            "code": "code"
          }
        ],
        "binding": {
          "extension": [
            {
              "url": "http://hl7.org/fhir/StructureDefinition/elementdefinition-bindingName",
              "valueString": "DeviceNameType"
            }
          ],
          "strength": "required",
          "description": "The type of name the device is referred by.",
          "valueSet": "http://hl7.org/fhir/ValueSet/device-nametype|4.0.1"
        },
        "mapping": [
          {
            "identity": "w5",
            "map": "FiveWs.what[x]"
          },
          {
            "identity": "rim",
            "map": ".playedRole[typeCode=MANU].code"
          }
        ]
      },
      {
        "id": "Device.modelNumber",
        "path": "Device.modelNumber",
        "short": "The model number for the device",
        "definition": "The model number for the device.",
        "max": "1",
        "type": [
          {
            "code": "string"
          }
        ],
        "mapping": [
          {
            "identity": "w5",
            "map": "FiveWs.what[x]"
          },
          {
            "identity": "rim",
            "map": ".softwareName (included as part)"
          }
        ]
      },
      {
        "id": "Device.partNumber",
        "path": "Device.partNumber",
        "short": "The part number of the device",
        "definition": "The part number of the device.",
        "comment": "Alphanumeric Maximum 20.",
        "max": "1",
        "type": [
          {
            "code": "string"
          }
        ],
        "mapping": [
          {
            "identity": "w5",
            "map": "FiveWs.what[x]"
          },
          {
            "identity": "rim",
            "map": ".playedRole[typeCode=MANU].id"
          }
        ]
      },
      {
        "id": "Device.type",
        "path": "Device.type",
        "short": "The kind or type of device",
        "definition": "The kind or type of device.",
        "max": "1",
        "type": [
          {
            "code": "CodeableConcept"
          }
        ],
        "binding": {
          "extension": [
            {
              "url": "http://hl7.org/fhir/StructureDefinition/elementdefinition-bindingName",
              "valueString": "DeviceType"
            }
          ],
          "strength": "example",
          "description": "Codes to identify medical devices.",
          "valueSet": "http://hl7.org/fhir/ValueSet/device-type"
        }
      },
      {
        "id": "Device.specialization",
        "path": "Device.specialization",
        "short": "The capabilities supported on a  device, the standards to which the device conforms for a particular purpose, and used for the communication",
        "definition": "The capabilities supported on a  device, the standards to which the device conforms for a particular purpose, and used for the communication.",
        "type": [
          {
            "code": "BackboneElement"
          }
        ]
      },
      {
        "id": "Device.specialization.systemType",
        "path": "Device.specialization.systemType",
        "short": "The standard that is used to operate and communicate",
        "definition": "The standard that is used to operate and communicate.",
        "alias": [
          "Σ"
        ],
        "min": 1,
        "max": "1",
        "type": [
          {
            "code": "CodeableConcept"
          }
        ]
      },
      {
        "id": "Device.specialization.version",
        "path": "Device.specialization.version",
        "short": "The version of the standard that is used to operate and communicate",
        "definition": "The version of the standard that is used to operate and communicate.",
        "max": "1",
        "type": [
          {
            "code": "string"
          }
        ],
        "mapping": [
          {
            "identity": "w5",
            "map": "FiveWs.what[x]"
          }
        ]
      },
      {
        "id": "Device.version",
        "path": "Device.version",
        "short": "The actual design of the device or software version running on the device",
        "definition": "The actual design of the device or software version running on the device.",
        "type": [
          {
            "code": "BackboneElement"
          }
        ]
      },
      {
        "id": "Device.version.type",
        "path": "Device.version.type",
        "short": "The type of the device version",
        "definition": "The type of the device version.",
        "alias": [
          "Σ"
        ],
        "max": "1",
        "type": [
          {
            "code": "CodeableConcept"
          }
        ]
      },
      {
        "id": "Device.version.component",
        "path": "Device.version.component",
        "short": "A single component of the device version",
        "definition": "A single component of the device version.",
        "max": "1",
        "type": [
          {
            "code": "Identifier"
          }
        ],
        "mapping": [
          {
            "identity": "w5",
            "map": "FiveWs.what[x]"
          }
        ]
      },
      {
        "id": "Device.version.value",
        "path": "Device.version.value",
        "short": "The version text",
        "definition": "The version text.",
        "min": 1,
        "max": "1",
        "type": [
          {
            "code": "string"
          }
        ]
      },
      {
        "id": "Device.property",
        "path": "Device.property",
        "short": "The actual configuration settings of a device as it actually operates, e.g., regulation status, time properties",
        "definition": "The actual configuration settings of a device as it actually operates, e.g., regulation status, time properties.",
        "type": [
          {
            "code": "BackboneElement"
          }
        ]
      },
      {
        "id": "Device.property.type",
        "path": "Device.property.type",
        "short": "Code that specifies the property DeviceDefinitionPropetyCode (Extensible)",
        "definition": "Code that specifies the property DeviceDefinitionPropetyCode (Extensible).",
        "min": 1,
        "max": "1",
        "type": [
          {
            "code": "CodeableConcept"
          }
        ]
      },
      {
        "id": "Device.property.valueQuantity",
        "path": "Device.property.valueQuantity",
        "short": "Property value as a quantity",
        "definition": "Property value as a quantity.",
        "type": [
          {
            "code": "Quantity"
          }
        ]
      },
      {
        "id": "Device.property.valueCode",
        "path": "Device.property.valueCode",
        "short": "Property value as a code, e.g., NTP4 (synced to NTP)",
        "definition": "Property value as a code, e.g., NTP4 (synced to NTP).",
        "type": [
          {
            "code": "CodeableConcept"
          }
        ]
      },
      {
        "id": "Device.patient",
        "path": "Device.patient",
        "short": "Patient to whom Device is affixed",
        "definition": "Patient information, If the device is affixed to a person.",
        "requirements": "If the device is implanted in a patient, then need to associate the device to the patient.",
        "max": "1",
        "type": [
          {
            "code": "Reference",
            "targetProfile": [
              "http://hl7.org/fhir/StructureDefinition/Patient"
            ]
          }
        ],
        "mapping": [
          {
            "identity": "w5",
            "map": "FiveWs.subject[x]"
          },
          {
            "identity": "rim",
            "map": ".playedRole[typeCode=USED].scoper.playedRole[typeCode=PAT]"
          },
          {
            "identity": "w5",
            "map": "FiveWs.subject"
          }
        ]
      },
      {
        "id": "Device.owner",
        "path": "Device.owner",
        "short": "Organization responsible for device",
        "definition": "An organization that is responsible for the provision and ongoing maintenance of the device.",
        "max": "1",
        "type": [
          {
            "code": "Reference",
            "targetProfile": [
              "http://hl7.org/fhir/StructureDefinition/Organization"
            ]
          }
        ],
        "mapping": [
          {
            "identity": "w5",
            "map": "FiveWs.source"
          },
          {
            "identity": "rim",
            "map": ".playedRole[typeCode=OWN].scoper"
          }
        ]
      },
      {
        "id": "Device.contact",
        "path": "Device.contact",
        "short": "Details for human/organization for support",
        "definition": "Contact details for an organization or a particular human that is responsible for the device.",
        "comment": "used for troubleshooting etc.",
        "type": [
          {
            "code": "ContactPoint"
          }
        ],
        "mapping": [
          {
            "identity": "w5",
            "map": "FiveWs.source"
          },
          {
            "identity": "rim",
            "map": ".scopedRole[typeCode=CON].player"
          }
        ]
      },
      {
        "id": "Device.location",
        "path": "Device.location",
        "short": "Where the device is found",
        "definition": "The place where the device can be found.",
        "requirements": "Device.location can be used to track device location.",
        "max": "1",
        "type": [
          {
            "code": "Reference",
            "targetProfile": [
              "http://hl7.org/fhir/StructureDefinition/Location"
            ]
          }
        ],
        "mapping": [
          {
            "identity": "w5",
            "map": "FiveWs.where[x]"
          },
          {
            "identity": "rim",
            "map": ".playedRole[typeCode=LOCE].scoper"
          }
        ]
      },
      {
        "id": "Device.url",
        "path": "Device.url",
        "short": "Network address to contact device",
        "definition": "A network address on which the device may be contacted directly.",
        "comment": "If the device is running a FHIR server, the network address should  be the Base URL from which a conformance statement may be retrieved.",
        "max": "1",
        "type": [
          {
            "code": "uri"
          }
        ],
        "mapping": [
          {
            "identity": "w5",
            "map": "FiveWs.where[x]"
          },
          {
            "identity": "rim",
            "map": ".telecom"
          }
        ]
      },
      {
        "id": "Device.note",
        "path": "Device.note",
        "short": "Device notes and comments",
        "definition": "Descriptive information, usage information or implantation information that is not captured in an existing element.",
        "type": [
          {
            "code": "Annotation"
          }
        ],
        "mapping": [
          {
            "identity": "rim",
            "map": ".text"
          }
        ]
      },
      {
        "id": "Device.safety",
        "path": "Device.safety",
        "short": "Safety Characteristics of Device",
        "definition": "Provides additional safety characteristics about a medical device.  For example devices containing latex.",
        "type": [
          {
            "code": "CodeableConcept"
          }
        ],
        "isSummary": true,
        "mapping": [
          {
            "identity": "rim",
            "map": "NA"
          }
        ]
      },
      {
        "id": "Device.parent",
        "path": "Device.parent",
        "short": "The parent device",
        "definition": "The parent device.",
        "max": "1",
        "type": [
          {
            "code": "Reference",
            "targetProfile": [
              "http://hl7.org/fhir/StructureDefinition/Device"
            ]
          }
        ]
      }
    ]
  }
}