{
  "resourceType": "Condition",
  "clinicalStatus": {
    "coding": [
      {
        "system": "http://terminology.hl7.org/CodeSystem/condition-clinical",
        "code": "active",
        "display": "Active"
      }
    ]
  },
  "category": [
    {
      "coding": [
        {
          "system": "http://terminology.kemkes.go.id",
          "code": "chief-complaint",
          "display": "Chief Complaint"
        }
      ]
    }
  ],
  "code": {
    "coding": [
      {
        "system": "http://snomed.info/sct",
        "code": "225944008",
        "display": "Wound tenderness"
      }
    ]
  },
  "subject": {
    "reference": "Patient/{{Patient_id}}",
    "display": "{{Patient_Name}}"
  },
  "encounter": {
    "reference": "Encounter/{{Encounter_id}}"
  },
  "onsetDateTime": "2023-08-31T07:15:00+00:00",
  "recordedDate": "2023-08-31T07:15:00+00:00",
  "recorder": {
    "reference": "Practitioner/{{Practitioner_id}}",
    "display": "{{Practitioner_Name}}"
  }
}