{
  "resourceType": "Observation",
  "identifier": [
    {
      "system": "http://sys-ids.kemkes.go.id/observation/{{Org_id}}",
      "value": "O111111"
    }
  ],
  "status": "final",
  "contained": [
    {
      "resourceType": "Location",
      "type": [
        {
          "coding": [
            {
              "system": "http://terminology.kemkes.go.id/CodeSystem/location-type",
              "code": "LT000012",
              "display": "Alamat kejadian gigitan hewan penular rabies"
            }
          ]
        }
      ],
      "address": {
        "use": "home",
        "line": [
          "Perumahan Giri Asri A3"
        ],
        "city": "Jakarta",
        "postalCode": "12950",
        "country": "ID",
        "extension": [
          {
            "url": "https://fhir.kemkes.go.id/r4/StructureDefinition/administrativeCode",
            "extension": [
              {
                "url": "province",
                "valueCode": "31"
              },
              {
                "url": "city",
                "valueCode": "3174"
              },
              {
                "url": "district",
                "valueCode": "317402"
              },
              {
                "url": "village",
                "valueCode": "3174021008"
              }
            ]
          }
        ]
      }
    }
  ],
  "category": [
    {
      "coding": [
        {
          "system": "http://terminology.hl7.org/CodeSystem/observation-category",
          "code": "exam",
          "display": "Exam"
        }
      ]
    }
  ],
  "code": {
    "coding": [
      {
        "system": "http://terminology.kemkes.go.id",
        "code": "TK000116",
        "display": "Skrining luka"
      }
    ]
  },
  "subject": {
    "reference": "Patient/{{Patient_id}}",
    "display": "{{Patient_Name}}"
  },
  "encounter": {
    "reference": "Encounter/{{Encounter_id}}"
  },
  "effectiveDateTime": "2023-08-31T07:15:00+00:00",
  "issued": "2023-08-31T07:15:00+00:00",
  "performer": [
    {
      "reference": "Practitioner/{{Practitioner_id}}",
      "display": "{{Practitioner_Name}}"
    }
  ],
  "bodySite": {
    "coding": [
      {
        "system": "http://snomed.info/sct",
        "code": "89545001",
        "display": "Face structure"
      }
    ]
  },
  "component": [
    {
      "code": {
        "coding": [
          {
            "system": "http://terminology.kemkes.go.id",
            "code": "TK000117",
            "display": "Animal bite wound category / rabies wound category"
          }
        ]
      },
      "valueCodeableConcept": {
        "coding": [
          {
            "system": "http://terminology.kemkes.go.id",
            "code": "TK000120",
            "display": "Animal bite/rabies wound category 3"
          }
        ]
      }
    },
    {
      "code": {
        "coding": [
          {
            "system": "http://snomed.info/sct",
            "code": "57028002",
            "display": "Multiple wounds"
          }
        ]
      },
      "valueBoolean": true
    },
    {
      "code": {
        "coding": [
          {
            "system": "http://terminology.kemkes.go.id",
            "code": "TK000121",
            "display": "Tanggal kejadian gigitan"
          }
        ]
      },
      "valueDateTime": "2023-08-31T01:35:00+00:00"
    }
  ]
}