{
  "resourceType": "Procedure",
  "status": "completed",
  "category": {
    "coding": [
      {
        "system": "http://snomed.info/sct",
        "code": "385942004",
        "display": "Wound care management"
      }
    ]
  },
  "code": {
    "coding": [
      {
        "system": "http://snomed.info/sct",
        "code": "225150002",
        "display": "Cleaning wound"
      }
    ]
  },
  "subject": {
    "reference": "Patient/{{Patient_id}}",
    "display": "{{Patient_Name}}"
  },
  "encounter": {
    "reference": "Encounter/{{Encounter_id}}"
  },
  "performedPeriod": {
    "start": "2023-08-31T08:30:00+00:00",
    "end": "2023-08-31T08:40:00+00:00"
  },
  "performer": [
    {
      "actor": {
        "reference": "Practitioner/{{Practitioner_id}}"
      }
    }
  ]
}