{
  "resourceType": "Procedure",
  "status": "completed",
  "category": {
    "coding": [
      {
        "system": "http://snomed.info/sct",
        "code": "277132007",
        "display": "Therapeutic procedure"
      }
    ]
  },
  "code": {
    "coding": [
      {
        "system": "http://snomed.info/sct",
        "code": "117085001",
        "display": "Administration of Rabies immune globulin, human"
      },
      {
        "system": "http://hl7.org/fhir/sid/icd-9-cm",
        "code": "99.29",
        "display": "Injection or infusion of other therapeutic or prophylactic substance"
      }
    ]
  },
  "subject": {
    "reference": "Patient/{{Patient_id}}",
    "display": "{{Patient_Name}}"
  },
  "encounter": {
    "reference": "Encounter/{{Encounter_id}}"
  },
  "performedPeriod": {
    "start": "2023-08-31T08:30:00+00:00",
    "end": "2023-08-31T08:40:00+00:00"
  },
  "performer": [
    {
      "actor": {
        "reference": "Practitioner/{{Practitioner_id}}"
      }
    }
  ]
}