{
  "resourceType": "QuestionnaireResponse",
  "questionnaire": "https://fhir.kemkes.go.id/Questionnaire/Q0028",
  "status": "completed",
  "subject": {
    "reference": "Patient/{{Patient_id}}",
    "display": "{{Patient_Name}}"
  },
  "encounter": {
    "reference": "Encounter/{{Encounter_id}}"
  },
  "authored": "2023-08-31T07:15:00+00:00",
  "author": {
    "reference": "Practitioner/{{Practitioner_id}}"
  },
  "source": {
    "reference": "Patient/{{Patient_id}}"
  },
  "item": [
    {
      "linkId": "1",
      "text": "Cuci luka mandiri",
      "answer": [
        {
          "item": [
            {
              "linkId": "1.1",
              "text": "Durasi cuci luka mandiri minimal 15 menit dengan air mengalir dan sabun",
              "answer": [
                {
                  "valueBoolean": true
                }
              ]
            },
            {
              "linkId": "1.2",
              "text": "Tanggal cuci luka mandiri",
              "answer": [
                {
                  "valueDateTime": "2023-08-31T05:50:00+00:00"
                }
              ]
            },
            {
              "linkId": "1.3",
              "text": "Kategori waktu cuci luka mandiri",
              "answer": [
                {
                  "valueCoding": {
                    "system": "http://terminology.kemkes.go.id",
                    "code": "TK000124",
                    "display": "<12 jam"
                  }
                }
              ]
            }
          ]
        }
      ]
    }
  ]
}