{
  "resourceType": "ServiceRequest",
  "identifier": [
    {
      "system": "http://sys-ids.kemkes.go.id/servicerequest/{{Org_id}}",
      "value": "00001"
    }
  ],
  "status": "active",
  "intent": "original-order",
  "priority": "routine",
  "category": [
    {
      "coding": [
        {
          "system": "http://snomed.info/sct",
          "code": "3457005",
          "display": "Patient referral"
        }
      ]
    }
  ],
  "code": {
    "coding": [
      {
        "system": "http://snomed.info/sct",
        "code": "737481003",
        "display": "Inpatient care management"
      }
    ],
    "text": "Rujukan Kasus GHPR"
  },
  "subject": {
    "reference": "Patient/{{Patient_id}}",
    "display": "{{Patient_Name}}"
  },
  "encounter": {
    "reference": "Encounter/{{Encounter_id}}"
  },
  "occurrenceDateTime": "2023-08-31T09:00:00+00:00",
  "requester": {
    "reference": "Practitioner/{{Practitioner_id}}",
    "display": "{{Practitioner_Name}}"
  },
  "performer": [
    {
      "reference": "Practitioner/10001354453",
      "display": "dr. Syarifuddin, Sp.Pd."
    }
  ],
  "reasonCode": [
    {
      "coding": [
        {
          "system": "http://hl7.org/fhir/sid/icd-10",
          "code": "Z20.3",
          "display": "Contact with and exposure to rabies"
        }
      ]
    }
  ],
  "patientInstruction": "Pasien mendapatkan perawatan rawat inap untuk observasi"
}