<StructureDefinition xmlns="http://hl7.org/fhir">
  <url value="https://fhir.kemkes.go.id/r4/StructureDefinition/LocationServiceClass" />
  <name value="LocationServiceClass" />
  <status value="draft" />
  <date value="2023-05-30T10:14:25.520085+00:00" />
  <fhirVersion value="4.0.1" />
  <kind value="complex-type" />
  <abstract value="false" />
  <context>
    <type value="element" />
    <expression value="Location" />
  </context>
  <type value="Extension" />
  <baseDefinition value="http://hl7.org/fhir/StructureDefinition/Extension" />
  <derivation value="constraint" />
  <differential>
    <element id="Extension.url">
      <path value="Extension.url" />
      <fixedUri value="https://fhir.kemkes.go.id/r4/StructureDefinition/LocationServiceClass" />
    </element>
    <element id="Extension.value[x]">
      <path value="Extension.value[x]" />
      <type>
        <code value="CodeableConcept" />
      </type>
    </element>
  </differential>
</StructureDefinition>