<StructureDefinition xmlns="http://hl7.org/fhir">
  <id value="MedicationType" />
  <url value="https://fhir.kemkes.go.id/r4/StructureDefinition/MedicationType" />
  <name value="MedicationType" />
  <status value="active" />
  <date value="2023-05-12T03:38:24.117026+00:00" />
  <fhirVersion value="4.0.1" />
  <kind value="complex-type" />
  <abstract value="false" />
  <context>
    <type value="element" />
    <expression value="Medication" />
  </context>
  <type value="Extension" />
  <baseDefinition value="https://fhir.kemkes.go.id/r4/StructureDefinition/Extension" />
  <derivation value="constraint" />
  <differential>
    <element id="Extension">
      <path value="Extension" />
      <min value="1" />
      <max value="1" />
    </element>
    <element id="Extension.url">
      <path value="Extension.url" />
      <fixedUri value="https://fhir.kemkes.go.id/r4/StructureDefinition/MedicationType" />
    </element>
    <element id="Extension.value[x]">
      <path value="Extension.value[x]" />
      <short value="Type of medication" />
      <definition value="Value of extension - must be one of non-compound|compound|compound-dtd" />
      <min value="1" />
      <type>
        <code value="CodeableConcept" />
      </type>
    </element>
  </differential>
</StructureDefinition>