<StructureDefinition xmlns="http://hl7.org/fhir">
  <id value="ReceivedPerson" />
  <url value="https://fhir.kemkes.go.id/r4/StructureDefinition/ReceivedPerson" />
  <name value="ReceivedPerson" />
  <status value="active" />
  <date value="2023-09-08T23:06:01.8973288+00:00" />
  <fhirVersion value="4.0.1" />
  <kind value="complex-type" />
  <abstract value="false" />
  <context>
    <type value="element" />
    <expression value="Specimen" />
  </context>
  <type value="Extension" />
  <baseDefinition value="http://hl7.org/fhir/StructureDefinition/Extension" />
  <derivation value="constraint" />
  <differential>
    <element id="Extension.url">
      <path value="Extension.url" />
      <fixedUri value="https://fhir.kemkes.go.id/r4/StructureDefinition/ReceivedPerson" />
    </element>
    <element id="Extension.value[x]">
      <path value="Extension.value[x]" />
      <short value="Received Persons of sample" />
      <definition value="Received Persons of sample." />
      <type>
        <code value="Reference" />
        <targetProfile value="https://fhir.kemkes.go.id/r4/StructureDefinition/Practitioner" />
      </type>
    </element>
  </differential>
</StructureDefinition>