<StructureDefinition xmlns="http://hl7.org/fhir">
  <url value="https://fhir.kemkes.go.id/r4/StructureDefinition/Package" />
  <name value="Package" />
  <status value="draft" />
  <date value="2023-05-12T03:38:24.117026+00:00" />
  <fhirVersion value="4.0.1" />
  <kind value="complex-type" />
  <abstract value="false" />
  <context>
    <type value="element" />
    <expression value="Claim" />
  </context>
  <type value="Extension" />
  <baseDefinition value="http://hl7.org/fhir/StructureDefinition/Extension" />
  <derivation value="constraint" />
  <differential>
    <element id="Extension.extension">
      <path value="Extension.extension" />
      <slicing>
        <discriminator>
          <type value="value" />
          <path value="url" />
        </discriminator>
        <rules value="open" />
      </slicing>
      <min value="2" />
    </element>
    <element id="Extension.extension:tariffClass">
      <path value="Extension.extension" />
      <sliceName value="tariffClass" />
      <min value="1" />
      <max value="1" />
    </element>
    <element id="Extension.extension:tariffClass.url">
      <path value="Extension.extension.url" />
      <fixedUri value="tariffClass" />
    </element>
    <element id="Extension.extension:tariffClass.value[x]">
      <path value="Extension.extension.value[x]" />
      <type>
        <code value="CodeableConcept" />
      </type>
    </element>
    <element id="Extension.extension:basePackage">
      <path value="Extension.extension" />
      <sliceName value="basePackage" />
      <min value="1" />
      <max value="1" />
    </element>
    <element id="Extension.extension:basePackage.extension">
      <path value="Extension.extension.extension" />
      <slicing>
        <discriminator>
          <type value="value" />
          <path value="url" />
        </discriminator>
        <rules value="open" />
      </slicing>
      <min value="2" />
    </element>
    <element id="Extension.extension:basePackage.extension:code">
      <path value="Extension.extension.extension" />
      <sliceName value="code" />
      <min value="1" />
      <max value="1" />
    </element>
    <element id="Extension.extension:basePackage.extension:code.url">
      <path value="Extension.extension.extension.url" />
      <fixedUri value="code" />
    </element>
    <element id="Extension.extension:basePackage.extension:code.value[x]">
      <path value="Extension.extension.extension.value[x]" />
      <type>
        <code value="CodeableConcept" />
      </type>
    </element>
    <element id="Extension.extension:basePackage.extension:value">
      <path value="Extension.extension.extension" />
      <sliceName value="value" />
      <min value="1" />
      <max value="1" />
    </element>
    <element id="Extension.extension:basePackage.extension:value.url">
      <path value="Extension.extension.extension.url" />
      <fixedUri value="value" />
    </element>
    <element id="Extension.extension:basePackage.extension:value.value[x]">
      <path value="Extension.extension.extension.value[x]" />
      <type>
        <code value="integer" />
      </type>
    </element>
    <element id="Extension.extension:basePackage.url">
      <path value="Extension.extension.url" />
      <fixedUri value="basePackage" />
    </element>
    <element id="Extension.extension:basePackage.value[x]">
      <path value="Extension.extension.value[x]" />
      <max value="0" />
    </element>
    <element id="Extension.extension:additionalPackage">
      <path value="Extension.extension" />
      <sliceName value="additionalPackage" />
      <min value="0" />
    </element>
    <element id="Extension.extension:additionalPackage.extension">
      <path value="Extension.extension.extension" />
      <slicing>
        <discriminator>
          <type value="value" />
          <path value="url" />
        </discriminator>
        <rules value="open" />
      </slicing>
      <min value="2" />
    </element>
    <element id="Extension.extension:additionalPackage.extension:code">
      <path value="Extension.extension.extension" />
      <sliceName value="code" />
      <min value="1" />
      <max value="1" />
    </element>
    <element id="Extension.extension:additionalPackage.extension:code.url">
      <path value="Extension.extension.extension.url" />
      <fixedUri value="code" />
    </element>
    <element id="Extension.extension:additionalPackage.extension:code.value[x]">
      <path value="Extension.extension.extension.value[x]" />
      <type>
        <code value="CodeableConcept" />
      </type>
    </element>
    <element id="Extension.extension:additionalPackage.extension:value">
      <path value="Extension.extension.extension" />
      <sliceName value="value" />
      <min value="1" />
      <max value="1" />
    </element>
    <element id="Extension.extension:additionalPackage.extension:value.url">
      <path value="Extension.extension.extension.url" />
      <fixedUri value="value" />
    </element>
    <element id="Extension.extension:additionalPackage.extension:value.value[x]">
      <path value="Extension.extension.extension.value[x]" />
      <type>
        <code value="integer" />
      </type>
    </element>
    <element id="Extension.extension:additionalPackage.url">
      <path value="Extension.extension.url" />
      <fixedUri value="additionalPackage" />
    </element>
    <element id="Extension.extension:additionalPackage.value[x]">
      <path value="Extension.extension.value[x]" />
      <max value="0" />
    </element>
    <element id="Extension.url">
      <path value="Extension.url" />
      <fixedUri value="https://fhir.kemkes.go.id/r4/StructureDefinition/Package" />
    </element>
    <element id="Extension.value[x]">
      <path value="Extension.value[x]" />
      <max value="0" />
    </element>
  </differential>
</StructureDefinition>