<StructureDefinition xmlns="http://hl7.org/fhir">
  <id value="CollectorOrganization" />
  <url value="https://fhir.kemkes.go.id/r4/StructureDefinition/CollectorOrganization" />
  <name value="CollectorOrganization" />
  <status value="draft" />
  <date value="2023-05-12T03:38:24.117026+00:00" />
  <fhirVersion value="4.0.1" />
  <kind value="complex-type" />
  <abstract value="false" />
  <context>
    <type value="element" />
    <expression value="Specimen.collection" />
  </context>
  <type value="Extension" />
  <baseDefinition value="https://fhir.kemkes.go.id/r4/StructureDefinition/Extension" />
  <derivation value="constraint" />
  <differential>
    <element id="Extension">
      <path value="Extension" />
      <short value="Specimen Collector Organization information" />
      <definition value="Specimen.collection.collectorOrganization information for Specimen referral process" />
      <max value="1" />
      <mustSupport value="false" />
    </element>
    <element id="Extension.url">
      <path value="Extension.url" />
      <fixedUri value="https://fhir.kemkes.go.id/r4/StructureDefinition/CollectorOrganization" />
    </element>
    <element id="Extension.value[x]">
      <path value="Extension.value[x]" />
      <short value="Organization ID reference whom collect Specimen" />
      <definition value="Organization ID from the Specimen collector (referrer)" />
      <type>
        <code value="Reference" />
        <targetProfile value="https://fhir.kemkes.go.id/r4/StructureDefinition/Organization" />
      </type>
    </element>
  </differential>
</StructureDefinition>