<StructureDefinition xmlns="http://hl7.org/fhir">
  <id value="DocumentStatus" />
  <url value="https://fhir.kemkes.go.id/r4/StructureDefinition/DocumentStatus" />
  <name value="DocumentStatus" />
  <status value="active" />
  <date value="2023-09-30T04:09:34.6317712+00:00" />
  <fhirVersion value="4.0.1" />
  <kind value="complex-type" />
  <abstract value="false" />
  <context>
    <type value="element" />
    <expression value="Composition" />
  </context>
  <type value="Extension" />
  <baseDefinition value="http://hl7.org/fhir/StructureDefinition/Extension" />
  <derivation value="constraint" />
  <differential>
    <element id="Extension">
      <path value="Extension" />
      <min value="1" />
    </element>
    <element id="Extension.extension">
      <path value="Extension.extension" />
      <min value="1" />
    </element>
    <element id="Extension.extension:statusCode">
      <path value="Extension.extension" />
      <sliceName value="statusCode" />
      <min value="1" />
      <max value="1" />
    </element>
    <element id="Extension.extension:statusCode.url">
      <path value="Extension.extension.url" />
      <fixedUri value="statusCode" />
    </element>
    <element id="Extension.extension:statusCode.value[x]">
      <path value="Extension.extension.value[x]" />
      <type>
        <code value="code" />
      </type>
    </element>
    <element id="Extension.extension:statusTime">
      <path value="Extension.extension" />
      <sliceName value="statusTime" />
      <max value="1" />
    </element>
    <element id="Extension.extension:statusTime.url">
      <path value="Extension.extension.url" />
      <fixedUri value="statusTime" />
    </element>
    <element id="Extension.extension:statusTime.value[x]">
      <path value="Extension.extension.value[x]" />
      <type>
        <code value="dateTime" />
      </type>
    </element>
    <element id="Extension.extension:statusAssigner">
      <path value="Extension.extension" />
      <sliceName value="statusAssigner" />
      <max value="1" />
    </element>
    <element id="Extension.extension:statusAssigner.url">
      <path value="Extension.extension.url" />
      <fixedUri value="statusAssigner" />
    </element>
    <element id="Extension.extension:statusAssigner.value[x]">
      <path value="Extension.extension.value[x]" />
      <type>
        <code value="Reference" />
      </type>
    </element>
    <element id="Extension.url">
      <path value="Extension.url" />
      <fixedUri value="https://fhir.kemkes.go.id/r4/StructureDefinition/DocumentStatus" />
    </element>
    <element id="Extension.value[x]">
      <path value="Extension.value[x]" />
      <max value="0" />
    </element>
  </differential>
</StructureDefinition>