{
  "resourceType": "StructureDefinition",
  "id": "Claim",
  "meta": {
    "lastUpdated": "2023-05-10T03:44:29.9228187+00:00"
  },
  "extension": [
    {
      "url": "https://fhir.kemkes.go.id/r4/StructureDefinition/structuredefinition-category",
      "valueString": "Financial.Billing"
    },
    {
      "url": "https://fhir.kemkes.go.id/r4/StructureDefinition/structuredefinition-standards-status",
      "valueCode": "trial-use"
    },
    {
      "url": "https://fhir.kemkes.go.id/r4/StructureDefinition/structuredefinition-fmm",
      "valueInteger": 2
    },
    {
      "url": "https://fhir.kemkes.go.id/r4/StructureDefinition/structuredefinition-security-category",
      "valueCode": "patient"
    },
    {
      "url": "https://fhir.kemkes.go.id/r4/StructureDefinition/structuredefinition-wg",
      "valueCode": "fm"
    }
  ],
  "url": "https://fhir.kemkes.go.id/r4/StructureDefinition/Claim",
  "version": "4.0.1",
  "name": "Claim",
  "status": "draft",
  "date": "2023-05-12T03:49:24.2326155+00:00",
  "publisher": "Health Level Seven International (Financial Management)",
  "contact": [
    {
      "telecom": [
        {
          "system": "url",
          "value": "http://hl7.org/fhir"
        }
      ]
    },
    {
      "telecom": [
        {
          "system": "url",
          "value": "http://www.hl7.org/Special/committees/fm/index.cfm"
        }
      ]
    }
  ],
  "description": "A provider issued list of professional services and products which have been provided, or are to be provided, to a patient which is sent to an insurer for reimbursement.",
  "purpose": "The Claim resource is used by providers to exchange services and products rendered to patients or planned to be rendered with insurers for reimbuserment. It is also used by insurers to exchange claims information with statutory reporting and data analytics firms.",
  "fhirVersion": "4.0.1",
  "mapping": [
    {
      "identity": "workflow",
      "uri": "http://hl7.org/fhir/workflow",
      "name": "Workflow Pattern"
    },
    {
      "identity": "w5",
      "uri": "http://hl7.org/fhir/fivews",
      "name": "FiveWs Pattern Mapping"
    },
    {
      "identity": "rim",
      "uri": "http://hl7.org/v3",
      "name": "RIM Mapping"
    }
  ],
  "kind": "resource",
  "abstract": false,
  "type": "Claim",
  "baseDefinition": "https://fhir.kemkes.go.id/r4/StructureDefinition/DomainResource",
  "derivation": "specialization",
  "differential": {
    "element": [
      {
        "id": "Claim",
        "path": "Claim",
        "short": "Claim, Pre-determination or Pre-authorization",
        "definition": "A provider issued list of professional services and products which have been provided, or are to be provided, to a patient which is sent to an insurer for reimbursement.",
        "comment": "The Claim resource fulfills three information request requirements: Claim - a request for adjudication for reimbursement for products and/or services provided; Preauthorization - a request to authorize the future provision of products and/or services including an anticipated adjudication; and, Predetermination - a request for a non-bind adjudication of possible future products and/or services.",
        "alias": [
          "Adjudication Request",
          "Preauthorization Request",
          "Predetermination Request"
        ],
        "mapping": [
          {
            "identity": "workflow",
            "map": "Request"
          }
        ]
      },
      {
        "id": "Claim.extension",
        "path": "Claim.extension",
        "slicing": {
          "discriminator": [
            {
              "type": "value",
              "path": "url"
            }
          ],
          "rules": "open"
        },
        "min": 0
      },
      {
        "id": "Claim.extension:package",
        "path": "Claim.extension",
        "sliceName": "package",
        "short": "Package Billing Information",
        "definition": "Package Billing Information:\r\n- tariffClass\r\n- INACBG Code (basePackage)\r\n- Top Up Code (additionalPackage)",
        "min": 0,
        "max": "1",
        "type": [
          {
            "code": "Extension",
            "profile": [
              "https://fhir.kemkes.go.id/r4/StructureDefinition/Package"
            ]
          }
        ],
        "isModifier": false
      },
      {
        "id": "Claim.extension:package.extension",
        "path": "Claim.extension.extension",
        "slicing": {
          "discriminator": [
            {
              "type": "value",
              "path": "url"
            }
          ],
          "rules": "open"
        },
        "min": 2
      },
      {
        "id": "Claim.extension:package.extension:tariffClass",
        "path": "Claim.extension.extension",
        "sliceName": "tariffClass",
        "short": "State the Tariff Class for the claim",
        "definition": "Tariff Class for the hospital for the claim",
        "min": 1
      },
      {
        "id": "Claim.extension:package.extension:basePackage",
        "path": "Claim.extension.extension",
        "sliceName": "basePackage",
        "short": "Base DRG Code",
        "min": 1
      },
      {
        "id": "Claim.extension:package.extension:additionalPackage",
        "path": "Claim.extension.extension",
        "sliceName": "additionalPackage",
        "short": "Additional Payment",
        "min": 0
      },
      {
        "id": "Claim.identifier",
        "path": "Claim.identifier",
        "short": "Business Identifier for claim",
        "definition": "A unique identifier assigned to this claim.",
        "requirements": "Allows claims to be distinguished and referenced.",
        "alias": [
          "Claim Number"
        ],
        "type": [
          {
            "code": "Identifier"
          }
        ],
        "mapping": [
          {
            "identity": "workflow",
            "map": "Request.identifier"
          },
          {
            "identity": "w5",
            "map": "FiveWs.identifier"
          }
        ]
      },
      {
        "id": "Claim.status",
        "path": "Claim.status",
        "short": "active | cancelled | draft | entered-in-error",
        "definition": "The status of the resource instance.",
        "comment": "This element is labeled as a modifier because the status contains codes that mark the resource as not currently valid.",
        "requirements": "Need to track the status of the resource as 'draft' resources may undergo further edits while 'active' resources are immutable and may only have their status changed to 'cancelled'.",
        "min": 1,
        "max": "1",
        "type": [
          {
            "code": "code"
          }
        ],
        "isModifier": true,
        "isModifierReason": "This element is labeled as a modifier because it is a status element that contains status entered-in-error which means that the resource should not be treated as valid",
        "isSummary": true,
        "binding": {
          "extension": [
            {
              "url": "https://fhir.kemkes.go.id/r4/StructureDefinition/elementdefinition-bindingName",
              "valueString": "ClaimStatus"
            }
          ],
          "strength": "required",
          "description": "A code specifying the state of the resource instance.",
          "valueSet": "http://hl7.org/fhir/ValueSet/fm-status|4.0.1"
        },
        "mapping": [
          {
            "identity": "workflow",
            "map": "Request.status"
          },
          {
            "identity": "w5",
            "map": "FiveWs.status"
          }
        ]
      },
      {
        "id": "Claim.type",
        "path": "Claim.type",
        "short": "Category or discipline",
        "definition": "The category of claim, e.g. oral, pharmacy, vision, institutional, professional.",
        "comment": "The majority of jurisdictions use: oral, pharmacy, vision, professional and institutional, or variants on those terms, as the general styles of claims. The valueset is extensible to accommodate other jurisdictional requirements.",
        "requirements": "Claim type determine the general sets of business rules applied for information requirements and adjudication.",
        "min": 1,
        "max": "1",
        "type": [
          {
            "code": "CodeableConcept"
          }
        ],
        "isSummary": true,
        "binding": {
          "extension": [
            {
              "url": "https://fhir.kemkes.go.id/r4/StructureDefinition/elementdefinition-bindingName",
              "valueString": "ClaimType"
            }
          ],
          "strength": "extensible",
          "description": "The type or discipline-style of the claim.",
          "valueSet": "http://hl7.org/fhir/ValueSet/claim-type"
        },
        "mapping": [
          {
            "identity": "w5",
            "map": "FiveWs.class"
          }
        ]
      },
      {
        "id": "Claim.subType",
        "path": "Claim.subType",
        "short": "More granular claim type",
        "definition": "A finer grained suite of claim type codes which may convey additional information such as Inpatient vs Outpatient and/or a specialty service.",
        "comment": "This may contain the local bill type codes, for example the US UB-04 bill type code or the CMS bill type.",
        "requirements": "Some jurisdictions need a finer grained claim type for routing and adjudication.",
        "max": "1",
        "type": [
          {
            "code": "CodeableConcept"
          }
        ],
        "binding": {
          "extension": [
            {
              "url": "https://fhir.kemkes.go.id/r4/StructureDefinition/elementdefinition-bindingName",
              "valueString": "ClaimSubType"
            }
          ],
          "strength": "example",
          "description": "A more granular claim typecode.",
          "valueSet": "http://hl7.org/fhir/ValueSet/claim-subtype"
        },
        "mapping": [
          {
            "identity": "w5",
            "map": "FiveWs.class"
          }
        ]
      },
      {
        "id": "Claim.use",
        "path": "Claim.use",
        "short": "claim | preauthorization | predetermination",
        "definition": "A code to indicate whether the nature of the request is: to request adjudication of products and services previously rendered; or requesting authorization and adjudication for provision in the future; or requesting the non-binding adjudication of the listed products and services which could be provided in the future.",
        "requirements": "This element is required to understand the nature of the request for adjudication.",
        "min": 1,
        "max": "1",
        "type": [
          {
            "code": "code"
          }
        ],
        "isSummary": true,
        "binding": {
          "extension": [
            {
              "url": "https://fhir.kemkes.go.id/r4/StructureDefinition/elementdefinition-bindingName",
              "valueString": "Use"
            }
          ],
          "strength": "required",
          "description": "The purpose of the Claim: predetermination, preauthorization, claim.",
          "valueSet": "http://hl7.org/fhir/ValueSet/claim-use|4.0.1"
        },
        "mapping": [
          {
            "identity": "w5",
            "map": "FiveWs.class"
          }
        ]
      },
      {
        "id": "Claim.patient",
        "path": "Claim.patient",
        "short": "The recipient of the products and services",
        "definition": "The party to whom the professional services and/or products have been supplied or are being considered and for whom actual or forecast reimbursement is sought.",
        "requirements": "The patient must be supplied to the insurer so that confirmation of coverage and service history may be considered as part of the authorization and/or adjudiction.",
        "min": 1,
        "max": "1",
        "type": [
          {
            "code": "Reference",
            "targetProfile": [
              "https://fhir.kemkes.go.id/r4/StructureDefinition/Patient"
            ]
          }
        ],
        "isSummary": true,
        "mapping": [
          {
            "identity": "workflow",
            "map": "Request.subject"
          },
          {
            "identity": "w5",
            "map": "FiveWs.subject[x]"
          },
          {
            "identity": "w5",
            "map": "FiveWs.subject"
          }
        ]
      },
      {
        "id": "Claim.billablePeriod",
        "path": "Claim.billablePeriod",
        "short": "Relevant time frame for the claim",
        "definition": "The period for which charges are being submitted.",
        "comment": "Typically this would be today or in the past for a claim, and today or in the future for preauthorizations and predeterminations. Typically line item dates of service should fall within the billing period if one is specified.",
        "requirements": "A number jurisdictions required the submission of the billing period when submitting claims for example for hospital stays or long-term care.",
        "max": "1",
        "type": [
          {
            "code": "Period"
          }
        ],
        "isSummary": true,
        "mapping": [
          {
            "identity": "w5",
            "map": "FiveWs.done[x]"
          }
        ]
      },
      {
        "id": "Claim.created",
        "path": "Claim.created",
        "short": "Resource creation date",
        "definition": "The date this resource was created.",
        "comment": "This field is independent of the date of creation of the resource as it may reflect the creation date of a source document prior to digitization. Typically for claims all services must be completed as of this date.",
        "requirements": "Need to record a timestamp for use by both the recipient and the issuer.",
        "min": 1,
        "max": "1",
        "type": [
          {
            "code": "dateTime"
          }
        ],
        "isSummary": true,
        "mapping": [
          {
            "identity": "workflow",
            "map": "Request.authoredOn"
          },
          {
            "identity": "w5",
            "map": "FiveWs.recorded"
          }
        ]
      },
      {
        "id": "Claim.enterer",
        "path": "Claim.enterer",
        "short": "Author of the claim",
        "definition": "Individual who created the claim, predetermination or preauthorization.",
        "requirements": "Some jurisdictions require the contact information for personnel completing claims.",
        "max": "1",
        "type": [
          {
            "code": "Reference",
            "targetProfile": [
              "https://fhir.kemkes.go.id/r4/StructureDefinition/Practitioner",
              "https://fhir.kemkes.go.id/r4/StructureDefinition/PractitionerRole"
            ]
          }
        ],
        "mapping": [
          {
            "identity": "w5",
            "map": "FiveWs.author"
          }
        ]
      },
      {
        "id": "Claim.insurer",
        "path": "Claim.insurer",
        "short": "Target",
        "definition": "The Insurer who is target of the request.",
        "max": "1",
        "type": [
          {
            "code": "Reference",
            "targetProfile": [
              "https://fhir.kemkes.go.id/r4/StructureDefinition/Organization"
            ]
          }
        ],
        "isSummary": true,
        "mapping": [
          {
            "identity": "workflow",
            "map": "Request.performer"
          }
        ]
      },
      {
        "id": "Claim.provider",
        "path": "Claim.provider",
        "short": "Party responsible for the claim",
        "definition": "The provider which is responsible for the claim, predetermination or preauthorization.",
        "comment": "Typically this field would be 1..1 where this party is responsible for the claim but not necessarily professionally responsible for the provision of the individual products and services listed below.",
        "min": 1,
        "max": "1",
        "type": [
          {
            "code": "Reference",
            "targetProfile": [
              "https://fhir.kemkes.go.id/r4/StructureDefinition/Practitioner",
              "https://fhir.kemkes.go.id/r4/StructureDefinition/PractitionerRole",
              "https://fhir.kemkes.go.id/r4/StructureDefinition/Organization"
            ]
          }
        ],
        "isSummary": true,
        "mapping": [
          {
            "identity": "workflow",
            "map": "Request.requester"
          },
          {
            "identity": "w5",
            "map": "FiveWs.source"
          }
        ]
      },
      {
        "id": "Claim.priority",
        "path": "Claim.priority",
        "short": "Desired processing ugency",
        "definition": "The provider-required urgency of processing the request. Typical values include: stat, routine deferred.",
        "comment": "If a claim processor is unable to complete the processing as per the priority then they should generate and error and not process the request.",
        "requirements": "The provider may need to indicate their processing requirements so that the processor can indicate if they are unable to comply.",
        "min": 1,
        "max": "1",
        "type": [
          {
            "code": "CodeableConcept"
          }
        ],
        "isSummary": true,
        "binding": {
          "extension": [
            {
              "url": "https://fhir.kemkes.go.id/r4/StructureDefinition/elementdefinition-bindingName",
              "valueString": "ProcessPriority"
            }
          ],
          "strength": "example",
          "description": "The timeliness with which processing is required: stat, normal, deferred.",
          "valueSet": "http://hl7.org/fhir/ValueSet/process-priority"
        },
        "mapping": [
          {
            "identity": "workflow",
            "map": "Request.priority"
          }
        ]
      },
      {
        "id": "Claim.fundsReserve",
        "path": "Claim.fundsReserve",
        "short": "For whom to reserve funds",
        "definition": "A code to indicate whether and for whom funds are to be reserved for future claims.",
        "comment": "This field is only used for preauthorizations.",
        "requirements": "In the case of a Pre-Determination/Pre-Authorization the provider may request that funds in the amount of the expected Benefit be reserved ('Patient' or 'Provider') to pay for the Benefits determined on the subsequent claim(s). 'None' explicitly indicates no funds reserving is requested.",
        "alias": [
          "Fund pre-allocation"
        ],
        "max": "1",
        "type": [
          {
            "code": "CodeableConcept"
          }
        ],
        "binding": {
          "extension": [
            {
              "url": "https://fhir.kemkes.go.id/r4/StructureDefinition/elementdefinition-bindingName",
              "valueString": "FundsReserve"
            },
            {
              "url": "https://fhir.kemkes.go.id/r4/StructureDefinition/elementdefinition-isCommonBinding",
              "valueBoolean": true
            }
          ],
          "strength": "example",
          "description": "For whom funds are to be reserved: (Patient, Provider, None).",
          "valueSet": "http://hl7.org/fhir/ValueSet/fundsreserve"
        }
      },
      {
        "id": "Claim.related",
        "extension": [
          {
            "url": "https://fhir.kemkes.go.id/r4/StructureDefinition/structuredefinition-explicit-type-name",
            "valueString": "RelatedClaim"
          }
        ],
        "path": "Claim.related",
        "short": "Prior or corollary claims",
        "definition": "Other claims which are related to this claim such as prior submissions or claims for related services or for the same event.",
        "comment": "For example,  for the original treatment and follow-up exams.",
        "requirements": "For workplace or other accidents it is common to relate separate claims arising from the same event.",
        "type": [
          {
            "code": "BackboneElement"
          }
        ]
      },
      {
        "id": "Claim.related.claim",
        "path": "Claim.related.claim",
        "short": "Reference to the related claim",
        "definition": "Reference to a related claim.",
        "requirements": "For workplace or other accidents it is common to relate separate claims arising from the same event.",
        "max": "1",
        "type": [
          {
            "code": "Reference",
            "targetProfile": [
              "https://fhir.kemkes.go.id/r4/StructureDefinition/Claim"
            ]
          }
        ],
        "mapping": [
          {
            "identity": "workflow",
            "map": "Request.replaces"
          }
        ]
      },
      {
        "id": "Claim.related.relationship",
        "path": "Claim.related.relationship",
        "short": "How the reference claim is related",
        "definition": "A code to convey how the claims are related.",
        "comment": "For example, prior claim or umbrella.",
        "requirements": "Some insurers need a declaration of the type of relationship.",
        "max": "1",
        "type": [
          {
            "code": "CodeableConcept"
          }
        ],
        "binding": {
          "extension": [
            {
              "url": "https://fhir.kemkes.go.id/r4/StructureDefinition/elementdefinition-bindingName",
              "valueString": "RelatedClaimRelationship"
            }
          ],
          "strength": "example",
          "description": "Relationship of this claim to a related Claim.",
          "valueSet": "http://hl7.org/fhir/ValueSet/related-claim-relationship"
        }
      },
      {
        "id": "Claim.related.reference",
        "path": "Claim.related.reference",
        "short": "File or case reference",
        "definition": "An alternate organizational reference to the case or file to which this particular claim pertains.",
        "comment": "For example, Property/Casualty insurer claim # or Workers Compensation case # .",
        "requirements": "In cases where an event-triggered claim is being submitted to an insurer which requires a reference number to be specified on all exchanges.",
        "max": "1",
        "type": [
          {
            "code": "Identifier"
          }
        ]
      },
      {
        "id": "Claim.prescription",
        "path": "Claim.prescription",
        "short": "Prescription authorizing services and products",
        "definition": "Prescription to support the dispensing of pharmacy, device or vision products.",
        "requirements": "Required to authorize the dispensing of controlled substances and devices.",
        "max": "1",
        "type": [
          {
            "code": "Reference",
            "targetProfile": [
              "https://fhir.kemkes.go.id/r4/StructureDefinition/DeviceRequest",
              "https://fhir.kemkes.go.id/r4/StructureDefinition/MedicationRequest",
              "https://fhir.kemkes.go.id/r4/StructureDefinition/VisionPrescription"
            ]
          }
        ]
      },
      {
        "id": "Claim.originalPrescription",
        "path": "Claim.originalPrescription",
        "short": "Original prescription if superseded by fulfiller",
        "definition": "Original prescription which has been superseded by this prescription to support the dispensing of pharmacy services, medications or products.",
        "comment": "For example, a physician may prescribe a medication which the pharmacy determines is contraindicated, or for which the patient has an intolerance, and therefore issues a new prescription for an alternate medication which has the same therapeutic intent. The prescription from the pharmacy becomes the 'prescription' and that from the physician becomes the 'original prescription'.",
        "requirements": "Often required when a fulfiller varies what is fulfilled from that authorized on the original prescription.",
        "max": "1",
        "type": [
          {
            "code": "Reference",
            "targetProfile": [
              "https://fhir.kemkes.go.id/r4/StructureDefinition/DeviceRequest",
              "https://fhir.kemkes.go.id/r4/StructureDefinition/MedicationRequest",
              "https://fhir.kemkes.go.id/r4/StructureDefinition/VisionPrescription"
            ]
          }
        ]
      },
      {
        "id": "Claim.payee",
        "extension": [
          {
            "url": "https://fhir.kemkes.go.id/r4/StructureDefinition/structuredefinition-explicit-type-name",
            "valueString": "Payee"
          }
        ],
        "path": "Claim.payee",
        "short": "Recipient of benefits payable",
        "definition": "The party to be reimbursed for cost of the products and services according to the terms of the policy.",
        "comment": "Often providers agree to receive the benefits payable to reduce the near-term costs to the patient. The insurer may decline to pay the provider and choose to pay the subscriber instead.",
        "requirements": "The provider needs to specify who they wish to be reimbursed and the claims processor needs express who they will reimburse.",
        "max": "1",
        "type": [
          {
            "code": "BackboneElement"
          }
        ]
      },
      {
        "id": "Claim.payee.type",
        "path": "Claim.payee.type",
        "short": "Category of recipient",
        "definition": "Type of Party to be reimbursed: subscriber, provider, other.",
        "requirements": "Need to know who should receive payment with the most common situations being the Provider (assignment of benefits) or the Subscriber.",
        "min": 1,
        "max": "1",
        "type": [
          {
            "code": "CodeableConcept"
          }
        ],
        "binding": {
          "extension": [
            {
              "url": "https://fhir.kemkes.go.id/r4/StructureDefinition/elementdefinition-bindingName",
              "valueString": "PayeeType"
            },
            {
              "url": "https://fhir.kemkes.go.id/r4/StructureDefinition/elementdefinition-isCommonBinding",
              "valueBoolean": true
            }
          ],
          "strength": "example",
          "description": "A code for the party to be reimbursed.",
          "valueSet": "http://hl7.org/fhir/ValueSet/payeetype"
        }
      },
      {
        "id": "Claim.payee.party",
        "path": "Claim.payee.party",
        "short": "Recipient reference",
        "definition": "Reference to the individual or organization to whom any payment will be made.",
        "comment": "Not required if the payee is 'subscriber' or 'provider'.",
        "requirements": "Need to provide demographics if the payee is not 'subscriber' nor 'provider'.",
        "max": "1",
        "type": [
          {
            "code": "Reference",
            "targetProfile": [
              "https://fhir.kemkes.go.id/r4/StructureDefinition/Practitioner",
              "https://fhir.kemkes.go.id/r4/StructureDefinition/PractitionerRole",
              "https://fhir.kemkes.go.id/r4/StructureDefinition/Organization",
              "https://fhir.kemkes.go.id/r4/StructureDefinition/Patient",
              "https://fhir.kemkes.go.id/r4/StructureDefinition/RelatedPerson"
            ]
          }
        ]
      },
      {
        "id": "Claim.referral",
        "path": "Claim.referral",
        "short": "Treatment referral",
        "definition": "A reference to a referral resource.",
        "comment": "The referral resource which lists the date, practitioner, reason and other supporting information.",
        "requirements": "Some insurers require proof of referral to pay for services or to pay specialist rates for services.",
        "max": "1",
        "type": [
          {
            "code": "Reference",
            "targetProfile": [
              "https://fhir.kemkes.go.id/r4/StructureDefinition/ServiceRequest"
            ]
          }
        ],
        "mapping": [
          {
            "identity": "w5",
            "map": "FiveWs.cause"
          }
        ]
      },
      {
        "id": "Claim.facility",
        "path": "Claim.facility",
        "short": "Servicing facility",
        "definition": "Facility where the services were provided.",
        "requirements": "Insurance adjudication can be dependant on where services were delivered.",
        "max": "1",
        "type": [
          {
            "code": "Reference",
            "targetProfile": [
              "https://fhir.kemkes.go.id/r4/StructureDefinition/Location"
            ]
          }
        ],
        "mapping": [
          {
            "identity": "w5",
            "map": "FiveWs.where[x]"
          }
        ]
      },
      {
        "id": "Claim.careTeam",
        "extension": [
          {
            "url": "https://fhir.kemkes.go.id/r4/StructureDefinition/structuredefinition-explicit-type-name",
            "valueString": "CareTeam"
          }
        ],
        "path": "Claim.careTeam",
        "short": "Members of the care team",
        "definition": "The members of the team who provided the products and services.",
        "requirements": "Common to identify the responsible and supporting practitioners.",
        "type": [
          {
            "code": "BackboneElement"
          }
        ]
      },
      {
        "id": "Claim.careTeam.sequence",
        "path": "Claim.careTeam.sequence",
        "short": "Order of care team",
        "definition": "A number to uniquely identify care team entries.",
        "requirements": "Necessary to maintain the order of the care team and provide a mechanism to link individuals to claim details.",
        "min": 1,
        "max": "1",
        "type": [
          {
            "code": "positiveInt"
          }
        ]
      },
      {
        "id": "Claim.careTeam.provider",
        "path": "Claim.careTeam.provider",
        "short": "Practitioner or organization",
        "definition": "Member of the team who provided the product or service.",
        "requirements": "Often a regulatory requirement to specify the responsible provider.",
        "min": 1,
        "max": "1",
        "type": [
          {
            "code": "Reference",
            "targetProfile": [
              "https://fhir.kemkes.go.id/r4/StructureDefinition/Practitioner",
              "https://fhir.kemkes.go.id/r4/StructureDefinition/PractitionerRole",
              "https://fhir.kemkes.go.id/r4/StructureDefinition/Organization"
            ]
          }
        ],
        "mapping": [
          {
            "identity": "w5",
            "map": "FiveWs.actor"
          }
        ]
      },
      {
        "id": "Claim.careTeam.responsible",
        "path": "Claim.careTeam.responsible",
        "short": "Indicator of the lead practitioner",
        "definition": "The party who is billing and/or responsible for the claimed products or services.",
        "comment": "Responsible might not be required when there is only a single provider listed.",
        "requirements": "When multiple parties are present it is required to distinguish the lead or responsible individual.",
        "max": "1",
        "type": [
          {
            "code": "boolean"
          }
        ]
      },
      {
        "id": "Claim.careTeam.role",
        "path": "Claim.careTeam.role",
        "short": "Function within the team",
        "definition": "The lead, assisting or supervising practitioner and their discipline if a multidisciplinary team.",
        "comment": "Role might not be required when there is only a single provider listed.",
        "requirements": "When multiple parties are present it is required to distinguish the roles performed by each member.",
        "max": "1",
        "type": [
          {
            "code": "CodeableConcept"
          }
        ],
        "binding": {
          "extension": [
            {
              "url": "https://fhir.kemkes.go.id/r4/StructureDefinition/elementdefinition-bindingName",
              "valueString": "CareTeamRole"
            }
          ],
          "strength": "example",
          "description": "The role codes for the care team members.",
          "valueSet": "http://hl7.org/fhir/ValueSet/claim-careteamrole"
        }
      },
      {
        "id": "Claim.careTeam.qualification",
        "path": "Claim.careTeam.qualification",
        "short": "Practitioner credential or specialization",
        "definition": "The qualification of the practitioner which is applicable for this service.",
        "requirements": "Need to specify which qualification a provider is delivering the product or service under.",
        "max": "1",
        "type": [
          {
            "code": "CodeableConcept"
          }
        ],
        "binding": {
          "extension": [
            {
              "url": "https://fhir.kemkes.go.id/r4/StructureDefinition/elementdefinition-bindingName",
              "valueString": "ProviderQualification"
            }
          ],
          "strength": "example",
          "description": "Provider professional qualifications.",
          "valueSet": "http://hl7.org/fhir/ValueSet/provider-qualification"
        }
      },
      {
        "id": "Claim.supportingInfo",
        "extension": [
          {
            "url": "https://fhir.kemkes.go.id/r4/StructureDefinition/structuredefinition-explicit-type-name",
            "valueString": "SupportingInformation"
          }
        ],
        "path": "Claim.supportingInfo",
        "short": "Supporting information",
        "definition": "Additional information codes regarding exceptions, special considerations, the condition, situation, prior or concurrent issues.",
        "comment": "Often there are multiple jurisdiction specific valuesets which are required.",
        "requirements": "Typically these information codes are required to support the services rendered or the adjudication of the services rendered.",
        "alias": [
          "Attachments\nException Codes\nOccurrence Codes\nValue codes"
        ],
        "type": [
          {
            "code": "BackboneElement"
          }
        ],
        "mapping": [
          {
            "identity": "workflow",
            "map": "Request.supportingInfo"
          }
        ]
      },
      {
        "id": "Claim.supportingInfo.sequence",
        "path": "Claim.supportingInfo.sequence",
        "short": "Information instance identifier",
        "definition": "A number to uniquely identify supporting information entries.",
        "requirements": "Necessary to maintain the order of the supporting information items and provide a mechanism to link to claim details.",
        "min": 1,
        "max": "1",
        "type": [
          {
            "code": "positiveInt"
          }
        ]
      },
      {
        "id": "Claim.supportingInfo.category",
        "path": "Claim.supportingInfo.category",
        "short": "Classification of the supplied information",
        "definition": "The general class of the information supplied: information; exception; accident, employment; onset, etc.",
        "comment": "This may contain a category for the local bill type codes.",
        "requirements": "Required to group or associate information items with common characteristics. For example: admission information or prior treatments.",
        "min": 1,
        "max": "1",
        "type": [
          {
            "code": "CodeableConcept"
          }
        ],
        "binding": {
          "extension": [
            {
              "url": "https://fhir.kemkes.go.id/r4/StructureDefinition/elementdefinition-bindingName",
              "valueString": "InformationCategory"
            }
          ],
          "strength": "example",
          "description": "The valuset used for additional information category codes.",
          "valueSet": "http://hl7.org/fhir/ValueSet/claim-informationcategory"
        }
      },
      {
        "id": "Claim.supportingInfo.code",
        "path": "Claim.supportingInfo.code",
        "short": "Type of information",
        "definition": "System and code pertaining to the specific information regarding special conditions relating to the setting, treatment or patient  for which care is sought.",
        "requirements": "Required to identify the kind of additional information.",
        "max": "1",
        "type": [
          {
            "code": "CodeableConcept"
          }
        ],
        "binding": {
          "extension": [
            {
              "url": "https://fhir.kemkes.go.id/r4/StructureDefinition/elementdefinition-bindingName",
              "valueString": "InformationCode"
            }
          ],
          "strength": "example",
          "description": "The valuset used for additional information codes.",
          "valueSet": "http://hl7.org/fhir/ValueSet/claim-exception"
        }
      },
      {
        "id": "Claim.supportingInfo.timing[x]",
        "path": "Claim.supportingInfo.timing[x]",
        "short": "When it occurred",
        "definition": "The date when or period to which this information refers.",
        "max": "1",
        "type": [
          {
            "code": "date"
          },
          {
            "code": "Period"
          }
        ]
      },
      {
        "id": "Claim.supportingInfo.value[x]",
        "path": "Claim.supportingInfo.value[x]",
        "short": "Data to be provided",
        "definition": "Additional data or information such as resources, documents, images etc. including references to the data or the actual inclusion of the data.",
        "comment": "Could be used to provide references to other resources, document. For example could contain a PDF in an Attachment of the Police Report for an Accident.",
        "requirements": "To convey the data content to be provided when the information is more than a simple code or period.",
        "max": "1",
        "type": [
          {
            "code": "boolean"
          },
          {
            "code": "string"
          },
          {
            "code": "Quantity"
          },
          {
            "code": "Attachment"
          },
          {
            "code": "Reference",
            "targetProfile": [
              "https://fhir.kemkes.go.id/r4/StructureDefinition/Resource"
            ]
          }
        ]
      },
      {
        "id": "Claim.supportingInfo.reason",
        "path": "Claim.supportingInfo.reason",
        "short": "Explanation for the information",
        "definition": "Provides the reason in the situation where a reason code is required in addition to the content.",
        "comment": "For example: the reason for the additional stay, or why a tooth is  missing.",
        "requirements": "Needed when the supporting information has both a date and amount/value and requires explanation.",
        "max": "1",
        "type": [
          {
            "code": "CodeableConcept"
          }
        ],
        "binding": {
          "extension": [
            {
              "url": "https://fhir.kemkes.go.id/r4/StructureDefinition/elementdefinition-bindingName",
              "valueString": "MissingReason"
            }
          ],
          "strength": "example",
          "description": "Reason codes for the missing teeth.",
          "valueSet": "http://hl7.org/fhir/ValueSet/missing-tooth-reason"
        }
      },
      {
        "id": "Claim.diagnosis",
        "extension": [
          {
            "url": "https://fhir.kemkes.go.id/r4/StructureDefinition/structuredefinition-explicit-type-name",
            "valueString": "Diagnosis"
          }
        ],
        "path": "Claim.diagnosis",
        "short": "Pertinent diagnosis information",
        "definition": "Information about diagnoses relevant to the claim items.",
        "requirements": "Required for the adjudication by provided context for the services and product listed.",
        "type": [
          {
            "code": "BackboneElement"
          }
        ],
        "mapping": [
          {
            "identity": "workflow",
            "map": "Request.reasonReference"
          }
        ]
      },
      {
        "id": "Claim.diagnosis.sequence",
        "path": "Claim.diagnosis.sequence",
        "short": "Diagnosis instance identifier",
        "definition": "A number to uniquely identify diagnosis entries.",
        "comment": "Diagnosis are presented in list order to their expected importance: primary, secondary, etc.",
        "requirements": "Necessary to maintain the order of the diagnosis items and provide a mechanism to link to claim details.",
        "min": 1,
        "max": "1",
        "type": [
          {
            "code": "positiveInt"
          }
        ]
      },
      {
        "id": "Claim.diagnosis.diagnosis[x]",
        "path": "Claim.diagnosis.diagnosis[x]",
        "short": "Nature of illness or problem",
        "definition": "The nature of illness or problem in a coded form or as a reference to an external defined Condition.",
        "requirements": "Provides health context for the evaluation of the products and/or services.",
        "min": 1,
        "max": "1",
        "type": [
          {
            "code": "CodeableConcept"
          },
          {
            "code": "Reference",
            "targetProfile": [
              "https://fhir.kemkes.go.id/r4/StructureDefinition/Condition"
            ]
          }
        ],
        "binding": {
          "extension": [
            {
              "url": "https://fhir.kemkes.go.id/r4/StructureDefinition/elementdefinition-bindingName",
              "valueString": "ICD10"
            }
          ],
          "strength": "example",
          "description": "Example ICD10 Diagnostic codes.",
          "valueSet": "http://hl7.org/fhir/ValueSet/icd-10"
        }
      },
      {
        "id": "Claim.diagnosis.type",
        "path": "Claim.diagnosis.type",
        "short": "Timing or nature of the diagnosis",
        "definition": "When the condition was observed or the relative ranking.",
        "comment": "For example: admitting, primary, secondary, discharge.",
        "requirements": "Often required to capture a particular diagnosis, for example: primary or discharge.",
        "type": [
          {
            "code": "CodeableConcept"
          }
        ],
        "binding": {
          "extension": [
            {
              "url": "https://fhir.kemkes.go.id/r4/StructureDefinition/elementdefinition-bindingName",
              "valueString": "DiagnosisType"
            }
          ],
          "strength": "example",
          "description": "The type of the diagnosis: admitting, principal, discharge.",
          "valueSet": "http://hl7.org/fhir/ValueSet/ex-diagnosistype"
        }
      },
      {
        "id": "Claim.diagnosis.onAdmission",
        "path": "Claim.diagnosis.onAdmission",
        "short": "Present on admission",
        "definition": "Indication of whether the diagnosis was present on admission to a facility.",
        "requirements": "Many systems need to understand for adjudication if the diagnosis was present a time of admission.",
        "max": "1",
        "type": [
          {
            "code": "CodeableConcept"
          }
        ],
        "binding": {
          "extension": [
            {
              "url": "https://fhir.kemkes.go.id/r4/StructureDefinition/elementdefinition-bindingName",
              "valueString": "DiagnosisOnAdmission"
            }
          ],
          "strength": "example",
          "description": "Present on admission.",
          "valueSet": "http://hl7.org/fhir/ValueSet/ex-diagnosis-on-admission"
        }
      },
      {
        "id": "Claim.diagnosis.packageCode",
        "path": "Claim.diagnosis.packageCode",
        "short": "Package billing code",
        "definition": "A package billing code or bundle code used to group products and services to a particular health condition (such as heart attack) which is based on a predetermined grouping code system.",
        "comment": "For example DRG (Diagnosis Related Group) or a bundled billing code. A patient may have a diagnosis of a Myocardial Infarction and a DRG for HeartAttack would be assigned. The Claim item (and possible subsequent claims) would refer to the DRG for those line items that were for services related to the heart attack event.",
        "requirements": "Required to relate the current  diagnosis to a package billing code that is then referenced on the individual claim items which are specific to the health condition covered by the package code.",
        "max": "1",
        "type": [
          {
            "code": "CodeableConcept"
          }
        ],
        "binding": {
          "extension": [
            {
              "url": "https://fhir.kemkes.go.id/r4/StructureDefinition/elementdefinition-bindingName",
              "valueString": "DiagnosisRelatedGroup"
            }
          ],
          "strength": "example",
          "description": "The DRG codes associated with the diagnosis.",
          "valueSet": "http://hl7.org/fhir/ValueSet/ex-diagnosisrelatedgroup"
        }
      },
      {
        "id": "Claim.procedure",
        "extension": [
          {
            "url": "https://fhir.kemkes.go.id/r4/StructureDefinition/structuredefinition-explicit-type-name",
            "valueString": "Procedure"
          }
        ],
        "path": "Claim.procedure",
        "short": "Clinical procedures performed",
        "definition": "Procedures performed on the patient relevant to the billing items with the claim.",
        "requirements": "The specific clinical invention are sometimes required to be provided to justify billing a greater than customary amount for a service.",
        "type": [
          {
            "code": "BackboneElement"
          }
        ]
      },
      {
        "id": "Claim.procedure.sequence",
        "path": "Claim.procedure.sequence",
        "short": "Procedure instance identifier",
        "definition": "A number to uniquely identify procedure entries.",
        "requirements": "Necessary to provide a mechanism to link to claim details.",
        "min": 1,
        "max": "1",
        "type": [
          {
            "code": "positiveInt"
          }
        ]
      },
      {
        "id": "Claim.procedure.type",
        "path": "Claim.procedure.type",
        "short": "Category of Procedure",
        "definition": "When the condition was observed or the relative ranking.",
        "comment": "For example: primary, secondary.",
        "requirements": "Often required to capture a particular diagnosis, for example: primary or discharge.",
        "type": [
          {
            "code": "CodeableConcept"
          }
        ],
        "binding": {
          "extension": [
            {
              "url": "https://fhir.kemkes.go.id/r4/StructureDefinition/elementdefinition-bindingName",
              "valueString": "ProcedureType"
            }
          ],
          "strength": "example",
          "description": "Example procedure type codes.",
          "valueSet": "http://hl7.org/fhir/ValueSet/ex-procedure-type"
        }
      },
      {
        "id": "Claim.procedure.date",
        "path": "Claim.procedure.date",
        "short": "When the procedure was performed",
        "definition": "Date and optionally time the procedure was performed.",
        "requirements": "Required for auditing purposes.",
        "max": "1",
        "type": [
          {
            "code": "dateTime"
          }
        ]
      },
      {
        "id": "Claim.procedure.procedure[x]",
        "path": "Claim.procedure.procedure[x]",
        "short": "Specific clinical procedure",
        "definition": "The code or reference to a Procedure resource which identifies the clinical intervention performed.",
        "requirements": "This identifies the actual clinical procedure.",
        "min": 1,
        "max": "1",
        "type": [
          {
            "code": "CodeableConcept"
          },
          {
            "code": "Reference",
            "targetProfile": [
              "https://fhir.kemkes.go.id/r4/StructureDefinition/Procedure"
            ]
          }
        ],
        "binding": {
          "extension": [
            {
              "url": "https://fhir.kemkes.go.id/r4/StructureDefinition/elementdefinition-bindingName",
              "valueString": "ICD10_Procedures"
            }
          ],
          "strength": "example",
          "description": "Example ICD10 Procedure codes.",
          "valueSet": "http://hl7.org/fhir/ValueSet/icd-10-procedures"
        }
      },
      {
        "id": "Claim.procedure.udi",
        "path": "Claim.procedure.udi",
        "short": "Unique device identifier",
        "definition": "Unique Device Identifiers associated with this line item.",
        "requirements": "The UDI code allows the insurer to obtain device level information on the product supplied.",
        "type": [
          {
            "code": "Reference",
            "targetProfile": [
              "https://fhir.kemkes.go.id/r4/StructureDefinition/Device"
            ]
          }
        ]
      },
      {
        "id": "Claim.insurance",
        "extension": [
          {
            "url": "https://fhir.kemkes.go.id/r4/StructureDefinition/structuredefinition-explicit-type-name",
            "valueString": "Insurance"
          }
        ],
        "path": "Claim.insurance",
        "short": "Patient insurance information",
        "definition": "Financial instruments for reimbursement for the health care products and services specified on the claim.",
        "comment": "All insurance coverages for the patient which may be applicable for reimbursement, of the products and services listed in the claim, are typically provided in the claim to allow insurers to confirm the ordering of the insurance coverages relative to local 'coordination of benefit' rules. One coverage (and only one) with 'focal=true' is to be used in the adjudication of this claim. Coverages appearing before the focal Coverage in the list, and where 'Coverage.subrogation=false', should provide a reference to the ClaimResponse containing the adjudication results of the prior claim.",
        "requirements": "At least one insurer is required for a claim to be a claim.",
        "min": 1,
        "type": [
          {
            "code": "BackboneElement"
          }
        ],
        "isSummary": true,
        "mapping": [
          {
            "identity": "rim",
            "map": "Coverage"
          }
        ]
      },
      {
        "id": "Claim.insurance.sequence",
        "path": "Claim.insurance.sequence",
        "short": "Insurance instance identifier",
        "definition": "A number to uniquely identify insurance entries and provide a sequence of coverages to convey coordination of benefit order.",
        "requirements": "To maintain order of the coverages.",
        "min": 1,
        "max": "1",
        "type": [
          {
            "code": "positiveInt"
          }
        ],
        "isSummary": true
      },
      {
        "id": "Claim.insurance.focal",
        "path": "Claim.insurance.focal",
        "short": "Coverage to be used for adjudication",
        "definition": "A flag to indicate that this Coverage is to be used for adjudication of this claim when set to true.",
        "comment": "A patient may (will) have multiple insurance policies which provide reimbursement for healthcare services and products. For example a person may also be covered by their spouse's policy and both appear in the list (and may be from the same insurer). This flag will be set to true for only one of the listed policies and that policy will be used for adjudicating this claim. Other claims would be created to request adjudication against the other listed policies.",
        "requirements": "To identify which coverage in the list is being used to adjudicate this claim.",
        "min": 1,
        "max": "1",
        "type": [
          {
            "code": "boolean"
          }
        ],
        "isSummary": true
      },
      {
        "id": "Claim.insurance.identifier",
        "path": "Claim.insurance.identifier",
        "short": "Pre-assigned Claim number",
        "definition": "The business identifier to be used when the claim is sent for adjudication against this insurance policy.",
        "comment": "Only required in jurisdictions where insurers, rather than the provider, are required to send claims to  insurers that appear after them in the list. This element is not required when 'subrogation=true'.",
        "requirements": "This will be the claim number should it be necessary to create this claim in the future. This is provided so that payors may forward claims to other payors in the Coordination of Benefit for adjudication rather than the provider being required to initiate each adjudication.",
        "max": "1",
        "type": [
          {
            "code": "Identifier"
          }
        ],
        "mapping": [
          {
            "identity": "workflow",
            "map": "Request.identifier"
          },
          {
            "identity": "w5",
            "map": "FiveWs.identifier"
          }
        ]
      },
      {
        "id": "Claim.insurance.coverage",
        "path": "Claim.insurance.coverage",
        "short": "Insurance information",
        "definition": "Reference to the insurance card level information contained in the Coverage resource. The coverage issuing insurer will use these details to locate the patient's actual coverage within the insurer's information system.",
        "requirements": "Required to allow the adjudicator to locate the correct policy and history within their information system.",
        "min": 1,
        "max": "1",
        "type": [
          {
            "code": "Reference",
            "targetProfile": [
              "https://fhir.kemkes.go.id/r4/StructureDefinition/Coverage"
            ]
          }
        ],
        "isSummary": true
      },
      {
        "id": "Claim.insurance.businessArrangement",
        "path": "Claim.insurance.businessArrangement",
        "short": "Additional provider contract number",
        "definition": "A business agreement number established between the provider and the insurer for special business processing purposes.",
        "requirements": "Providers may have multiple business arrangements with a given insurer and must supply the specific contract number for adjudication.",
        "max": "1",
        "type": [
          {
            "code": "string"
          }
        ]
      },
      {
        "id": "Claim.insurance.preAuthRef",
        "path": "Claim.insurance.preAuthRef",
        "short": "Prior authorization reference number",
        "definition": "Reference numbers previously provided by the insurer to the provider to be quoted on subsequent claims containing services or products related to the prior authorization.",
        "comment": "This value is an alphanumeric string that may be provided over the phone, via text, via paper, or within a ClaimResponse resource and is not a FHIR Identifier.",
        "requirements": "Providers must quote previously issued authorization reference numbers in order to obtain adjudication as previously advised on the Preauthorization.",
        "type": [
          {
            "code": "string"
          }
        ]
      },
      {
        "id": "Claim.insurance.claimResponse",
        "path": "Claim.insurance.claimResponse",
        "short": "Adjudication results",
        "definition": "The result of the adjudication of the line items for the Coverage specified in this insurance.",
        "comment": "Must not be specified when 'focal=true' for this insurance.",
        "requirements": "An insurer need the adjudication results from prior insurers to determine the outstanding balance remaining by item for the items in the curent claim.",
        "max": "1",
        "type": [
          {
            "code": "Reference",
            "targetProfile": [
              "https://fhir.kemkes.go.id/r4/StructureDefinition/ClaimResponse"
            ]
          }
        ]
      },
      {
        "id": "Claim.accident",
        "extension": [
          {
            "url": "https://fhir.kemkes.go.id/r4/StructureDefinition/structuredefinition-explicit-type-name",
            "valueString": "Accident"
          }
        ],
        "path": "Claim.accident",
        "short": "Details of the event",
        "definition": "Details of an accident which resulted in injuries which required the products and services listed in the claim.",
        "requirements": "When healthcare products and services are accident related, benefits may be payable under accident provisions of policies, such as automotive, etc before they are payable under normal health insurance.",
        "max": "1",
        "type": [
          {
            "code": "BackboneElement"
          }
        ]
      },
      {
        "id": "Claim.accident.date",
        "path": "Claim.accident.date",
        "short": "When the incident occurred",
        "definition": "Date of an accident event  related to the products and services contained in the claim.",
        "comment": "The date of the accident has to precede the dates of the products and services but within a reasonable timeframe.",
        "requirements": "Required for audit purposes and adjudication.",
        "min": 1,
        "max": "1",
        "type": [
          {
            "code": "date"
          }
        ]
      },
      {
        "id": "Claim.accident.type",
        "path": "Claim.accident.type",
        "short": "The nature of the accident",
        "definition": "The type or context of the accident event for the purposes of selection of potential insurance coverages and determination of coordination between insurers.",
        "requirements": "Coverage may be dependant on the type of accident.",
        "max": "1",
        "type": [
          {
            "code": "CodeableConcept"
          }
        ],
        "binding": {
          "extension": [
            {
              "url": "https://fhir.kemkes.go.id/r4/StructureDefinition/elementdefinition-bindingName",
              "valueString": "AccidentType"
            }
          ],
          "strength": "extensible",
          "description": "Type of accident: work place, auto, etc.",
          "valueSet": "http://terminology.hl7.org/ValueSet/v3-ActIncidentCode"
        }
      },
      {
        "id": "Claim.accident.location[x]",
        "path": "Claim.accident.location[x]",
        "short": "Where the event occurred",
        "definition": "The physical location of the accident event.",
        "requirements": "Required for audit purposes and determination of applicable insurance liability.",
        "max": "1",
        "type": [
          {
            "code": "Address"
          },
          {
            "code": "Reference",
            "targetProfile": [
              "https://fhir.kemkes.go.id/r4/StructureDefinition/Location"
            ]
          }
        ]
      },
      {
        "id": "Claim.item",
        "extension": [
          {
            "url": "https://fhir.kemkes.go.id/r4/StructureDefinition/structuredefinition-explicit-type-name",
            "valueString": "Item"
          }
        ],
        "path": "Claim.item",
        "short": "Product or service provided",
        "definition": "A claim line. Either a simple  product or service or a 'group' of details which can each be a simple items or groups of sub-details.",
        "requirements": "The items to be processed for adjudication.",
        "type": [
          {
            "code": "BackboneElement"
          }
        ]
      },
      {
        "id": "Claim.item.sequence",
        "path": "Claim.item.sequence",
        "short": "Item instance identifier",
        "definition": "A number to uniquely identify item entries.",
        "requirements": "Necessary to provide a mechanism to link to items from within the claim and within the adjudication details of the ClaimResponse.",
        "min": 1,
        "max": "1",
        "type": [
          {
            "code": "positiveInt"
          }
        ]
      },
      {
        "id": "Claim.item.careTeamSequence",
        "path": "Claim.item.careTeamSequence",
        "short": "Applicable careTeam members",
        "definition": "CareTeam members related to this service or product.",
        "requirements": "Need to identify the individuals and their roles in the provision of the product or service.",
        "type": [
          {
            "code": "positiveInt"
          }
        ]
      },
      {
        "id": "Claim.item.diagnosisSequence",
        "path": "Claim.item.diagnosisSequence",
        "short": "Applicable diagnoses",
        "definition": "Diagnosis applicable for this service or product.",
        "requirements": "Need to related the product or service to the associated diagnoses.",
        "type": [
          {
            "code": "positiveInt"
          }
        ]
      },
      {
        "id": "Claim.item.procedureSequence",
        "path": "Claim.item.procedureSequence",
        "short": "Applicable procedures",
        "definition": "Procedures applicable for this service or product.",
        "requirements": "Need to provide any listed specific procedures to support the product or service being claimed.",
        "type": [
          {
            "code": "positiveInt"
          }
        ]
      },
      {
        "id": "Claim.item.informationSequence",
        "path": "Claim.item.informationSequence",
        "short": "Applicable exception and supporting information",
        "definition": "Exceptions, special conditions and supporting information applicable for this service or product.",
        "requirements": "Need to reference the supporting information items that relate directly to this product or service.",
        "type": [
          {
            "code": "positiveInt"
          }
        ]
      },
      {
        "id": "Claim.item.revenue",
        "path": "Claim.item.revenue",
        "short": "Revenue or cost center code",
        "definition": "The type of revenue or cost center providing the product and/or service.",
        "requirements": "Needed in the processing of institutional claims.",
        "max": "1",
        "type": [
          {
            "code": "CodeableConcept"
          }
        ],
        "binding": {
          "extension": [
            {
              "url": "https://fhir.kemkes.go.id/r4/StructureDefinition/elementdefinition-bindingName",
              "valueString": "RevenueCenter"
            }
          ],
          "strength": "example",
          "description": "Codes for the revenue or cost centers supplying the service and/or products.",
          "valueSet": "http://hl7.org/fhir/ValueSet/ex-revenue-center"
        }
      },
      {
        "id": "Claim.item.category",
        "path": "Claim.item.category",
        "short": "Benefit classification",
        "definition": "Code to identify the general type of benefits under which products and services are provided.",
        "comment": "Examples include Medical Care, Periodontics, Renal Dialysis, Vision Coverage.",
        "requirements": "Needed in the processing of institutional claims as this allows the insurer to determine whether a facial X-Ray is for dental, orthopedic, or facial surgery purposes.",
        "max": "1",
        "type": [
          {
            "code": "CodeableConcept"
          }
        ],
        "binding": {
          "extension": [
            {
              "url": "https://fhir.kemkes.go.id/r4/StructureDefinition/elementdefinition-bindingName",
              "valueString": "BenefitCategory"
            }
          ],
          "strength": "example",
          "description": "Benefit categories such as: oral-basic, major, glasses.",
          "valueSet": "http://hl7.org/fhir/ValueSet/ex-benefitcategory"
        }
      },
      {
        "id": "Claim.item.productOrService",
        "path": "Claim.item.productOrService",
        "short": "Billing, service, product, or drug code",
        "definition": "When the value is a group code then this item collects a set of related claim details, otherwise this contains the product, service, drug or other billing code for the item.",
        "comment": "If this is an actual service or product line, i.e. not a Group, then use code to indicate the Professional Service or Product supplied (e.g. CTP, HCPCS, USCLS, ICD10, NCPDP, DIN, RxNorm, ACHI, CCI). If a grouping item then use a group code to indicate the type of thing being grouped e.g. 'glasses' or 'compound'.",
        "requirements": "Necessary to state what was provided or done.",
        "alias": [
          "Drug Code",
          "Bill Code",
          "Service Code"
        ],
        "min": 1,
        "max": "1",
        "type": [
          {
            "code": "CodeableConcept"
          }
        ],
        "binding": {
          "extension": [
            {
              "url": "https://fhir.kemkes.go.id/r4/StructureDefinition/elementdefinition-bindingName",
              "valueString": "ServiceProduct"
            }
          ],
          "strength": "example",
          "description": "Allowable service and product codes.",
          "valueSet": "http://hl7.org/fhir/ValueSet/service-uscls"
        }
      },
      {
        "id": "Claim.item.modifier",
        "path": "Claim.item.modifier",
        "short": "Product or service billing modifiers",
        "definition": "Item typification or modifiers codes to convey additional context for the product or service.",
        "comment": "For example in Oral whether the treatment is cosmetic or associated with TMJ, or for Medical whether the treatment was outside the clinic or outside of office hours.",
        "requirements": "To support inclusion of the item for adjudication or to charge an elevated fee.",
        "type": [
          {
            "code": "CodeableConcept"
          }
        ],
        "binding": {
          "extension": [
            {
              "url": "https://fhir.kemkes.go.id/r4/StructureDefinition/elementdefinition-bindingName",
              "valueString": "Modifiers"
            }
          ],
          "strength": "example",
          "description": "Item type or modifiers codes, eg for Oral whether the treatment is cosmetic or associated with TMJ, or an appliance was lost or stolen.",
          "valueSet": "http://hl7.org/fhir/ValueSet/claim-modifiers"
        }
      },
      {
        "id": "Claim.item.programCode",
        "path": "Claim.item.programCode",
        "short": "Program the product or service is provided under",
        "definition": "Identifies the program under which this may be recovered.",
        "comment": "For example: Neonatal program, child dental program or drug users recovery program.",
        "requirements": "Commonly used in in the identification of publicly provided program focused on population segments or disease classifications.",
        "type": [
          {
            "code": "CodeableConcept"
          }
        ],
        "binding": {
          "extension": [
            {
              "url": "https://fhir.kemkes.go.id/r4/StructureDefinition/elementdefinition-bindingName",
              "valueString": "ProgramCode"
            }
          ],
          "strength": "example",
          "description": "Program specific reason codes.",
          "valueSet": "http://hl7.org/fhir/ValueSet/ex-program-code"
        }
      },
      {
        "id": "Claim.item.serviced[x]",
        "path": "Claim.item.serviced[x]",
        "short": "Date or dates of service or product delivery",
        "definition": "The date or dates when the service or product was supplied, performed or completed.",
        "requirements": "Needed to determine whether the  service or product was provided during the term of the insurance coverage.",
        "max": "1",
        "type": [
          {
            "code": "date"
          },
          {
            "code": "Period"
          }
        ],
        "mapping": [
          {
            "identity": "w5",
            "map": "FiveWs.done[x]"
          }
        ]
      },
      {
        "id": "Claim.item.location[x]",
        "path": "Claim.item.location[x]",
        "short": "Place of service or where product was supplied",
        "definition": "Where the product or service was provided.",
        "requirements": "The location can alter whether the item was acceptable for insurance purposes or impact the determination of the benefit amount.",
        "max": "1",
        "type": [
          {
            "code": "CodeableConcept"
          },
          {
            "code": "Address"
          },
          {
            "code": "Reference",
            "targetProfile": [
              "https://fhir.kemkes.go.id/r4/StructureDefinition/Location"
            ]
          }
        ],
        "binding": {
          "extension": [
            {
              "url": "https://fhir.kemkes.go.id/r4/StructureDefinition/elementdefinition-bindingName",
              "valueString": "ServicePlace"
            }
          ],
          "strength": "example",
          "description": "Place of service: pharmacy, school, prison, etc.",
          "valueSet": "http://hl7.org/fhir/ValueSet/service-place"
        },
        "mapping": [
          {
            "identity": "w5",
            "map": "FiveWs.where[x]"
          }
        ]
      },
      {
        "id": "Claim.item.quantity",
        "path": "Claim.item.quantity",
        "short": "Count of products or services",
        "definition": "The number of repetitions of a service or product.",
        "requirements": "Required when the product or service code does not convey the quantity provided.",
        "max": "1",
        "type": [
          {
            "code": "Quantity",
            "profile": [
              "https://fhir.kemkes.go.id/r4/StructureDefinition/SimpleQuantity"
            ]
          }
        ]
      },
      {
        "id": "Claim.item.unitPrice",
        "path": "Claim.item.unitPrice",
        "short": "Fee, charge or cost per item",
        "definition": "If the item is not a group then this is the fee for the product or service, otherwise this is the total of the fees for the details of the group.",
        "requirements": "The amount charged to the patient by the provider for a single unit.",
        "max": "1",
        "type": [
          {
            "code": "Money"
          }
        ]
      },
      {
        "id": "Claim.item.factor",
        "path": "Claim.item.factor",
        "short": "Price scaling factor",
        "definition": "A real number that represents a multiplier used in determining the overall value of services delivered and/or goods received. The concept of a Factor allows for a discount or surcharge multiplier to be applied to a monetary amount.",
        "comment": "To show a 10% senior's discount, the value entered is: 0.90 (1.00 - 0.10).",
        "requirements": "When discounts are provided to a patient (example: Senior's discount) then this must be documented for adjudication.",
        "max": "1",
        "type": [
          {
            "code": "decimal"
          }
        ]
      },
      {
        "id": "Claim.item.net",
        "path": "Claim.item.net",
        "short": "Total item cost",
        "definition": "The quantity times the unit price for an additional service or product or charge.",
        "comment": "For example, the formula: quantity * unitPrice * factor  = net. Quantity and factor are assumed to be 1 if not supplied.",
        "requirements": "Provides the total amount claimed  for the group (if a grouper) or the line item.",
        "max": "1",
        "type": [
          {
            "code": "Money"
          }
        ]
      },
      {
        "id": "Claim.item.udi",
        "path": "Claim.item.udi",
        "short": "Unique device identifier",
        "definition": "Unique Device Identifiers associated with this line item.",
        "requirements": "The UDI code allows the insurer to obtain device level information on the product supplied.",
        "type": [
          {
            "code": "Reference",
            "targetProfile": [
              "https://fhir.kemkes.go.id/r4/StructureDefinition/Device"
            ]
          }
        ]
      },
      {
        "id": "Claim.item.bodySite",
        "path": "Claim.item.bodySite",
        "short": "Anatomical location",
        "definition": "Physical service site on the patient (limb, tooth, etc.).",
        "comment": "For example: Providing a tooth code, allows an insurer to identify a provider performing a filling on a tooth that was previously removed.",
        "requirements": "Allows insurer to validate specific procedures.",
        "max": "1",
        "type": [
          {
            "code": "CodeableConcept"
          }
        ],
        "binding": {
          "extension": [
            {
              "url": "https://fhir.kemkes.go.id/r4/StructureDefinition/elementdefinition-bindingName",
              "valueString": "OralSites"
            }
          ],
          "strength": "example",
          "description": "The code for the teeth, quadrant, sextant and arch.",
          "valueSet": "http://hl7.org/fhir/ValueSet/tooth"
        }
      },
      {
        "id": "Claim.item.subSite",
        "path": "Claim.item.subSite",
        "short": "Anatomical sub-location",
        "definition": "A region or surface of the bodySite, e.g. limb region or tooth surface(s).",
        "requirements": "Allows insurer to validate specific procedures.",
        "type": [
          {
            "code": "CodeableConcept"
          }
        ],
        "binding": {
          "extension": [
            {
              "url": "https://fhir.kemkes.go.id/r4/StructureDefinition/elementdefinition-bindingName",
              "valueString": "Surface"
            }
          ],
          "strength": "example",
          "description": "The code for the tooth surface and surface combinations.",
          "valueSet": "http://hl7.org/fhir/ValueSet/surface"
        }
      },
      {
        "id": "Claim.item.encounter",
        "path": "Claim.item.encounter",
        "short": "Encounters related to this billed item",
        "definition": "The Encounters during which this Claim was created or to which the creation of this record is tightly associated.",
        "comment": "This will typically be the encounter the event occurred within, but some activities may be initiated prior to or after the official completion of an encounter but still be tied to the context of the encounter.",
        "requirements": "Used in some jurisdictions to link clinical events to claim items.",
        "type": [
          {
            "code": "Reference",
            "targetProfile": [
              "https://fhir.kemkes.go.id/r4/StructureDefinition/Encounter"
            ]
          }
        ],
        "mapping": [
          {
            "identity": "workflow",
            "map": "Request.context"
          }
        ]
      },
      {
        "id": "Claim.item.detail",
        "extension": [
          {
            "url": "https://fhir.kemkes.go.id/r4/StructureDefinition/structuredefinition-explicit-type-name",
            "valueString": "Detail"
          }
        ],
        "path": "Claim.item.detail",
        "short": "Product or service provided",
        "definition": "A claim detail line. Either a simple (a product or service) or a 'group' of sub-details which are simple items.",
        "requirements": "The items to be processed for adjudication.",
        "type": [
          {
            "code": "BackboneElement"
          }
        ]
      },
      {
        "id": "Claim.item.detail.sequence",
        "path": "Claim.item.detail.sequence",
        "short": "Item instance identifier",
        "definition": "A number to uniquely identify item entries.",
        "requirements": "Necessary to provide a mechanism to link to items from within the claim and within the adjudication details of the ClaimResponse.",
        "min": 1,
        "max": "1",
        "type": [
          {
            "code": "positiveInt"
          }
        ]
      },
      {
        "id": "Claim.item.detail.revenue",
        "path": "Claim.item.detail.revenue",
        "short": "Revenue or cost center code",
        "definition": "The type of revenue or cost center providing the product and/or service.",
        "requirements": "Needed in the processing of institutional claims.",
        "max": "1",
        "type": [
          {
            "code": "CodeableConcept"
          }
        ],
        "binding": {
          "extension": [
            {
              "url": "https://fhir.kemkes.go.id/r4/StructureDefinition/elementdefinition-bindingName",
              "valueString": "RevenueCenter"
            }
          ],
          "strength": "example",
          "description": "Codes for the revenue or cost centers supplying the service and/or products.",
          "valueSet": "http://hl7.org/fhir/ValueSet/ex-revenue-center"
        }
      },
      {
        "id": "Claim.item.detail.category",
        "path": "Claim.item.detail.category",
        "short": "Benefit classification",
        "definition": "Code to identify the general type of benefits under which products and services are provided.",
        "comment": "Examples include Medical Care, Periodontics, Renal Dialysis, Vision Coverage.",
        "requirements": "Needed in the processing of institutional claims as this allows the insurer to determine whether a facial X-Ray is for dental, orthopedic, or facial surgery purposes.",
        "max": "1",
        "type": [
          {
            "code": "CodeableConcept"
          }
        ],
        "binding": {
          "extension": [
            {
              "url": "https://fhir.kemkes.go.id/r4/StructureDefinition/elementdefinition-bindingName",
              "valueString": "BenefitCategory"
            }
          ],
          "strength": "example",
          "description": "Benefit categories such as: oral-basic, major, glasses.",
          "valueSet": "http://hl7.org/fhir/ValueSet/ex-benefitcategory"
        }
      },
      {
        "id": "Claim.item.detail.productOrService",
        "path": "Claim.item.detail.productOrService",
        "short": "Billing, service, product, or drug code",
        "definition": "When the value is a group code then this item collects a set of related claim details, otherwise this contains the product, service, drug or other billing code for the item.",
        "comment": "If this is an actual service or product line, i.e. not a Group, then use code to indicate the Professional Service or Product supplied (e.g. CTP, HCPCS, USCLS, ICD10, NCPDP, DIN, RxNorm, ACHI, CCI). If a grouping item then use a group code to indicate the type of thing being grouped e.g. 'glasses' or 'compound'.",
        "requirements": "Necessary to state what was provided or done.",
        "alias": [
          "Drug Code",
          "Bill Code",
          "Service Code"
        ],
        "min": 1,
        "max": "1",
        "type": [
          {
            "code": "CodeableConcept"
          }
        ],
        "binding": {
          "extension": [
            {
              "url": "https://fhir.kemkes.go.id/r4/StructureDefinition/elementdefinition-bindingName",
              "valueString": "ServiceProduct"
            }
          ],
          "strength": "example",
          "description": "Allowable service and product codes.",
          "valueSet": "http://hl7.org/fhir/ValueSet/service-uscls"
        }
      },
      {
        "id": "Claim.item.detail.modifier",
        "path": "Claim.item.detail.modifier",
        "short": "Service/Product billing modifiers",
        "definition": "Item typification or modifiers codes to convey additional context for the product or service.",
        "comment": "For example in Oral whether the treatment is cosmetic or associated with TMJ, or for Medical whether the treatment was outside the clinic or out of office hours.",
        "requirements": "To support inclusion of the item for adjudication or to charge an elevated fee.",
        "type": [
          {
            "code": "CodeableConcept"
          }
        ],
        "binding": {
          "extension": [
            {
              "url": "https://fhir.kemkes.go.id/r4/StructureDefinition/elementdefinition-bindingName",
              "valueString": "Modifiers"
            }
          ],
          "strength": "example",
          "description": "Item type or modifiers codes, eg for Oral whether the treatment is cosmetic or associated with TMJ, or an appliance was lost or stolen.",
          "valueSet": "http://hl7.org/fhir/ValueSet/claim-modifiers"
        }
      },
      {
        "id": "Claim.item.detail.programCode",
        "path": "Claim.item.detail.programCode",
        "short": "Program the product or service is provided under",
        "definition": "Identifies the program under which this may be recovered.",
        "comment": "For example: Neonatal program, child dental program or drug users recovery program.",
        "requirements": "Commonly used in in the identification of publicly provided program focused on population segments or disease classifications.",
        "type": [
          {
            "code": "CodeableConcept"
          }
        ],
        "binding": {
          "extension": [
            {
              "url": "https://fhir.kemkes.go.id/r4/StructureDefinition/elementdefinition-bindingName",
              "valueString": "ProgramCode"
            }
          ],
          "strength": "example",
          "description": "Program specific reason codes.",
          "valueSet": "http://hl7.org/fhir/ValueSet/ex-program-code"
        }
      },
      {
        "id": "Claim.item.detail.quantity",
        "path": "Claim.item.detail.quantity",
        "short": "Count of products or services",
        "definition": "The number of repetitions of a service or product.",
        "requirements": "Required when the product or service code does not convey the quantity provided.",
        "max": "1",
        "type": [
          {
            "code": "Quantity",
            "profile": [
              "https://fhir.kemkes.go.id/r4/StructureDefinition/SimpleQuantity"
            ]
          }
        ]
      },
      {
        "id": "Claim.item.detail.unitPrice",
        "path": "Claim.item.detail.unitPrice",
        "short": "Fee, charge or cost per item",
        "definition": "If the item is not a group then this is the fee for the product or service, otherwise this is the total of the fees for the details of the group.",
        "requirements": "The amount charged to the patient by the provider for a single unit.",
        "max": "1",
        "type": [
          {
            "code": "Money"
          }
        ]
      },
      {
        "id": "Claim.item.detail.factor",
        "path": "Claim.item.detail.factor",
        "short": "Price scaling factor",
        "definition": "A real number that represents a multiplier used in determining the overall value of services delivered and/or goods received. The concept of a Factor allows for a discount or surcharge multiplier to be applied to a monetary amount.",
        "comment": "To show a 10% senior's discount, the value entered is: 0.90 (1.00 - 0.10).",
        "requirements": "When discounts are provided to a patient (example: Senior's discount) then this must be documented for adjudication.",
        "max": "1",
        "type": [
          {
            "code": "decimal"
          }
        ]
      },
      {
        "id": "Claim.item.detail.net",
        "path": "Claim.item.detail.net",
        "short": "Total item cost",
        "definition": "The quantity times the unit price for an additional service or product or charge.",
        "comment": "For example, the formula: quantity * unitPrice * factor  = net. Quantity and factor are assumed to be 1 if not supplied.",
        "requirements": "Provides the total amount claimed  for the group (if a grouper) or the line item.",
        "max": "1",
        "type": [
          {
            "code": "Money"
          }
        ]
      },
      {
        "id": "Claim.item.detail.udi",
        "path": "Claim.item.detail.udi",
        "short": "Unique device identifier",
        "definition": "Unique Device Identifiers associated with this line item.",
        "requirements": "The UDI code allows the insurer to obtain device level information on the product supplied.",
        "type": [
          {
            "code": "Reference",
            "targetProfile": [
              "https://fhir.kemkes.go.id/r4/StructureDefinition/Device"
            ]
          }
        ]
      },
      {
        "id": "Claim.item.detail.subDetail",
        "extension": [
          {
            "url": "https://fhir.kemkes.go.id/r4/StructureDefinition/structuredefinition-explicit-type-name",
            "valueString": "SubDetail"
          }
        ],
        "path": "Claim.item.detail.subDetail",
        "short": "Product or service provided",
        "definition": "A claim detail line. Either a simple (a product or service) or a 'group' of sub-details which are simple items.",
        "requirements": "The items to be processed for adjudication.",
        "type": [
          {
            "code": "BackboneElement"
          }
        ]
      },
      {
        "id": "Claim.item.detail.subDetail.sequence",
        "path": "Claim.item.detail.subDetail.sequence",
        "short": "Item instance identifier",
        "definition": "A number to uniquely identify item entries.",
        "requirements": "Necessary to provide a mechanism to link to items from within the claim and within the adjudication details of the ClaimResponse.",
        "min": 1,
        "max": "1",
        "type": [
          {
            "code": "positiveInt"
          }
        ]
      },
      {
        "id": "Claim.item.detail.subDetail.revenue",
        "path": "Claim.item.detail.subDetail.revenue",
        "short": "Revenue or cost center code",
        "definition": "The type of revenue or cost center providing the product and/or service.",
        "requirements": "Needed in the processing of institutional claims.",
        "max": "1",
        "type": [
          {
            "code": "CodeableConcept"
          }
        ],
        "binding": {
          "extension": [
            {
              "url": "https://fhir.kemkes.go.id/r4/StructureDefinition/elementdefinition-bindingName",
              "valueString": "RevenueCenter"
            }
          ],
          "strength": "example",
          "description": "Codes for the revenue or cost centers supplying the service and/or products.",
          "valueSet": "http://hl7.org/fhir/ValueSet/ex-revenue-center"
        }
      },
      {
        "id": "Claim.item.detail.subDetail.category",
        "path": "Claim.item.detail.subDetail.category",
        "short": "Benefit classification",
        "definition": "Code to identify the general type of benefits under which products and services are provided.",
        "comment": "Examples include Medical Care, Periodontics, Renal Dialysis, Vision Coverage.",
        "requirements": "Needed in the processing of institutional claims as this allows the insurer to determine whether a facial X-Ray is for dental, orthopedic, or facial surgery purposes.",
        "max": "1",
        "type": [
          {
            "code": "CodeableConcept"
          }
        ],
        "binding": {
          "extension": [
            {
              "url": "https://fhir.kemkes.go.id/r4/StructureDefinition/elementdefinition-bindingName",
              "valueString": "BenefitCategory"
            }
          ],
          "strength": "example",
          "description": "Benefit categories such as: oral-basic, major, glasses.",
          "valueSet": "http://hl7.org/fhir/ValueSet/ex-benefitcategory"
        }
      },
      {
        "id": "Claim.item.detail.subDetail.productOrService",
        "path": "Claim.item.detail.subDetail.productOrService",
        "short": "Billing, service, product, or drug code",
        "definition": "When the value is a group code then this item collects a set of related claim details, otherwise this contains the product, service, drug or other billing code for the item.",
        "comment": "If this is an actual service or product line, i.e. not a Group, then use code to indicate the Professional Service or Product supplied (e.g. CTP, HCPCS, USCLS, ICD10, NCPDP, DIN, RxNorm, ACHI, CCI). If a grouping item then use a group code to indicate the type of thing being grouped e.g. 'glasses' or 'compound'.",
        "requirements": "Necessary to state what was provided or done.",
        "min": 1,
        "max": "1",
        "type": [
          {
            "code": "CodeableConcept"
          }
        ],
        "binding": {
          "extension": [
            {
              "url": "https://fhir.kemkes.go.id/r4/StructureDefinition/elementdefinition-bindingName",
              "valueString": "ServiceProduct"
            }
          ],
          "strength": "example",
          "description": "Allowable service and product codes.",
          "valueSet": "http://hl7.org/fhir/ValueSet/service-uscls"
        }
      },
      {
        "id": "Claim.item.detail.subDetail.modifier",
        "path": "Claim.item.detail.subDetail.modifier",
        "short": "Service/Product billing modifiers",
        "definition": "Item typification or modifiers codes to convey additional context for the product or service.",
        "comment": "For example in Oral whether the treatment is cosmetic or associated with TMJ, or for Medical whether the treatment was outside the clinic or out of office hours.",
        "requirements": "To support inclusion of the item for adjudication or to charge an elevated fee.",
        "type": [
          {
            "code": "CodeableConcept"
          }
        ],
        "binding": {
          "extension": [
            {
              "url": "https://fhir.kemkes.go.id/r4/StructureDefinition/elementdefinition-bindingName",
              "valueString": "Modifiers"
            }
          ],
          "strength": "example",
          "description": "Item type or modifiers codes, eg for Oral whether the treatment is cosmetic or associated with TMJ, or an appliance was lost or stolen.",
          "valueSet": "http://hl7.org/fhir/ValueSet/claim-modifiers"
        }
      },
      {
        "id": "Claim.item.detail.subDetail.programCode",
        "path": "Claim.item.detail.subDetail.programCode",
        "short": "Program the product or service is provided under",
        "definition": "Identifies the program under which this may be recovered.",
        "comment": "For example: Neonatal program, child dental program or drug users recovery program.",
        "requirements": "Commonly used in in the identification of publicly provided program focused on population segments or disease classifications.",
        "type": [
          {
            "code": "CodeableConcept"
          }
        ],
        "binding": {
          "extension": [
            {
              "url": "https://fhir.kemkes.go.id/r4/StructureDefinition/elementdefinition-bindingName",
              "valueString": "ProgramCode"
            }
          ],
          "strength": "example",
          "description": "Program specific reason codes.",
          "valueSet": "http://hl7.org/fhir/ValueSet/ex-program-code"
        }
      },
      {
        "id": "Claim.item.detail.subDetail.quantity",
        "path": "Claim.item.detail.subDetail.quantity",
        "short": "Count of products or services",
        "definition": "The number of repetitions of a service or product.",
        "requirements": "Required when the product or service code does not convey the quantity provided.",
        "max": "1",
        "type": [
          {
            "code": "Quantity",
            "profile": [
              "https://fhir.kemkes.go.id/r4/StructureDefinition/SimpleQuantity"
            ]
          }
        ]
      },
      {
        "id": "Claim.item.detail.subDetail.unitPrice",
        "path": "Claim.item.detail.subDetail.unitPrice",
        "short": "Fee, charge or cost per item",
        "definition": "If the item is not a group then this is the fee for the product or service, otherwise this is the total of the fees for the details of the group.",
        "requirements": "The amount charged to the patient by the provider for a single unit.",
        "max": "1",
        "type": [
          {
            "code": "Money"
          }
        ]
      },
      {
        "id": "Claim.item.detail.subDetail.factor",
        "path": "Claim.item.detail.subDetail.factor",
        "short": "Price scaling factor",
        "definition": "A real number that represents a multiplier used in determining the overall value of services delivered and/or goods received. The concept of a Factor allows for a discount or surcharge multiplier to be applied to a monetary amount.",
        "comment": "To show a 10% senior's discount, the value entered is: 0.90 (1.00 - 0.10).",
        "requirements": "When discounts are provided to a patient (example: Senior's discount) then this must be documented for adjudication.",
        "max": "1",
        "type": [
          {
            "code": "decimal"
          }
        ]
      },
      {
        "id": "Claim.item.detail.subDetail.net",
        "path": "Claim.item.detail.subDetail.net",
        "short": "Total item cost",
        "definition": "The quantity times the unit price for an additional service or product or charge.",
        "comment": "For example, the formula: quantity * unitPrice * factor  = net. Quantity and factor are assumed to be 1 if not supplied.",
        "requirements": "Provides the total amount claimed  for the group (if a grouper) or the line item.",
        "max": "1",
        "type": [
          {
            "code": "Money"
          }
        ]
      },
      {
        "id": "Claim.item.detail.subDetail.udi",
        "path": "Claim.item.detail.subDetail.udi",
        "short": "Unique device identifier",
        "definition": "Unique Device Identifiers associated with this line item.",
        "requirements": "The UDI code allows the insurer to obtain device level information on the product supplied.",
        "type": [
          {
            "code": "Reference",
            "targetProfile": [
              "https://fhir.kemkes.go.id/r4/StructureDefinition/Device"
            ]
          }
        ]
      },
      {
        "id": "Claim.total",
        "path": "Claim.total",
        "short": "Total claim cost",
        "definition": "The total value of the all the items in the claim.",
        "requirements": "Used for  control total purposes.",
        "max": "1",
        "type": [
          {
            "code": "Money"
          }
        ]
      }
    ]
  }
}