{
  "resourceType": "StructureDefinition",
  "id": "ServiceRequest",
  "meta": {
    "lastUpdated": "2022-10-05T04:55:52.459165+00:00"
  },
  "extension": [
    {
      "url": "https://fhir.kemkes.go.id/r4/StructureDefinition/structuredefinition-category",
      "valueString": "Clinical.Care Provision"
    },
    {
      "url": "https://fhir.kemkes.go.id/r4/StructureDefinition/structuredefinition-standards-status",
      "valueCode": "trial-use"
    },
    {
      "url": "https://fhir.kemkes.go.id/r4/StructureDefinition/structuredefinition-fmm",
      "valueInteger": 2
    },
    {
      "url": "https://fhir.kemkes.go.id/r4/StructureDefinition/structuredefinition-security-category",
      "valueCode": "patient"
    },
    {
      "url": "https://fhir.kemkes.go.id/r4/StructureDefinition/structuredefinition-wg",
      "valueCode": "oo"
    }
  ],
  "url": "https://fhir.kemkes.go.id/r4/StructureDefinition/ServiceRequest",
  "version": "4.0.1",
  "name": "ServiceRequest",
  "status": "active",
  "date": "2023-05-12T04:00:39.3091812+00:00",
  "publisher": "Health Level Seven International (Orders and Observations)",
  "contact": [
    {
      "telecom": [
        {
          "system": "url",
          "value": "http://hl7.org/fhir"
        }
      ]
    },
    {
      "telecom": [
        {
          "system": "url",
          "value": "http://www.hl7.org/Special/committees/orders/index.cfm"
        }
      ]
    }
  ],
  "description": "A record of a request for service such as diagnostic investigations, treatments, or operations to be performed.",
  "fhirVersion": "4.0.1",
  "mapping": [
    {
      "identity": "workflow",
      "uri": "http://hl7.org/fhir/workflow",
      "name": "Workflow Pattern"
    },
    {
      "identity": "v2",
      "uri": "http://hl7.org/v2",
      "name": "HL7 v2 Mapping"
    },
    {
      "identity": "rim",
      "uri": "http://hl7.org/v3",
      "name": "RIM Mapping"
    },
    {
      "identity": "w5",
      "uri": "http://hl7.org/fhir/fivews",
      "name": "FiveWs Pattern Mapping"
    },
    {
      "identity": "quick",
      "uri": "http://siframework.org/cqf",
      "name": "Quality Improvement and Clinical Knowledge (QUICK)"
    }
  ],
  "kind": "resource",
  "abstract": false,
  "type": "ServiceRequest",
  "baseDefinition": "https://fhir.kemkes.go.id/r4/StructureDefinition/DomainResource",
  "derivation": "specialization",
  "differential": {
    "element": [
      {
        "id": "ServiceRequest",
        "path": "ServiceRequest",
        "short": "A request for a service to be performed",
        "definition": "A record of a request for service such as diagnostic investigations, treatments, or operations to be performed.",
        "alias": [
          "diagnostic request",
          "referral",
          "referral request",
          "transfer of care request"
        ],
        "constraint": [
          {
            "key": "prr-1",
            "severity": "error",
            "human": "orderDetail SHALL only be present if code is present",
            "expression": "orderDetail.empty() or code.exists()",
            "xpath": "exists(f:code) or not(exists(f:orderDetail))",
            "source": "https://fhir.kemkes.go.id/r4/StructureDefinition/ServiceRequest"
          }
        ],
        "mapping": [
          {
            "identity": "workflow",
            "map": "Request"
          },
          {
            "identity": "v2",
            "map": "ORC"
          },
          {
            "identity": "rim",
            "map": "Act[moodCode<=INT]"
          }
        ]
      },
      {
        "id": "ServiceRequest.identifier",
        "path": "ServiceRequest.identifier",
        "short": "Identifiers assigned to this order",
        "definition": "Identifiers assigned to this order instance by the orderer and/or the receiver and/or order fulfiller.",
        "comment": "The identifier.type element is used to distinguish between the identifiers assigned by the orderer (known as the 'Placer' in HL7 v2) and the producer of the observations in response to the order (known as the 'Filler' in HL7 v2).  For further discussion and examples see the resource notes section below.",
        "type": [
          {
            "code": "Identifier"
          }
        ],
        "isSummary": true,
        "mapping": [
          {
            "identity": "workflow",
            "map": "Request.identifier"
          },
          {
            "identity": "w5",
            "map": "FiveWs.identifier"
          },
          {
            "identity": "v2",
            "map": "ORC.2, ORC.3, RF1-6 / RF1-11,"
          },
          {
            "identity": "rim",
            "map": ".identifier"
          },
          {
            "identity": "quick",
            "map": "ClinicalStatement.identifier"
          }
        ]
      },
      {
        "id": "ServiceRequest.instantiatesCanonical",
        "path": "ServiceRequest.instantiatesCanonical",
        "short": "Instantiates FHIR protocol or definition",
        "definition": "The URL pointing to a FHIR-defined protocol, guideline, orderset or other definition that is adhered to in whole or in part by this ServiceRequest.",
        "comment": "Note: This is a business identifier, not a resource identifier (see [discussion](resource.html#identifiers)).  It is best practice for the identifier to only appear on a single resource instance, however business practices may occasionally dictate that multiple resource instances with the same identifier can exist - possibly even with different resource types.  For example, multiple Patient and a Person resource instance might share the same social insurance number.",
        "type": [
          {
            "code": "canonical",
            "targetProfile": [
              "https://fhir.kemkes.go.id/r4/StructureDefinition/ActivityDefinition",
              "https://fhir.kemkes.go.id/r4/StructureDefinition/PlanDefinition"
            ]
          }
        ],
        "isSummary": true,
        "mapping": [
          {
            "identity": "workflow",
            "map": "Request.instantiatesCanonical"
          },
          {
            "identity": "v2",
            "map": "Varies by domain"
          },
          {
            "identity": "rim",
            "map": ".outboundRelationship[typeCode=DEFN].target"
          }
        ]
      },
      {
        "id": "ServiceRequest.instantiatesUri",
        "path": "ServiceRequest.instantiatesUri",
        "short": "Instantiates external protocol or definition",
        "definition": "The URL pointing to an externally maintained protocol, guideline, orderset or other definition that is adhered to in whole or in part by this ServiceRequest.",
        "comment": "This might be an HTML page, PDF, etc. or could just be a non-resolvable URI identifier.",
        "type": [
          {
            "code": "uri"
          }
        ],
        "isSummary": true,
        "mapping": [
          {
            "identity": "workflow",
            "map": "Request.instantiatesUri"
          },
          {
            "identity": "v2",
            "map": "Varies by domain"
          },
          {
            "identity": "rim",
            "map": ".outboundRelationship[typeCode=DEFN].target"
          }
        ]
      },
      {
        "id": "ServiceRequest.basedOn",
        "path": "ServiceRequest.basedOn",
        "short": "What request fulfills",
        "definition": "Plan/proposal/order fulfilled by this request.",
        "alias": [
          "fulfills"
        ],
        "type": [
          {
            "code": "Reference",
            "targetProfile": [
              "https://fhir.kemkes.go.id/r4/StructureDefinition/CarePlan",
              "https://fhir.kemkes.go.id/r4/StructureDefinition/ServiceRequest",
              "https://fhir.kemkes.go.id/r4/StructureDefinition/MedicationRequest"
            ]
          }
        ],
        "isSummary": true,
        "mapping": [
          {
            "identity": "workflow",
            "map": "Request.basedOn"
          },
          {
            "identity": "v2",
            "map": "ORC.8 (plus others)"
          },
          {
            "identity": "rim",
            "map": ".outboundRelationship[typeCode=FLFS].target"
          }
        ]
      },
      {
        "id": "ServiceRequest.replaces",
        "path": "ServiceRequest.replaces",
        "short": "What request replaces",
        "definition": "The request takes the place of the referenced completed or terminated request(s).",
        "alias": [
          "supersedes",
          "prior",
          "renewed order"
        ],
        "type": [
          {
            "code": "Reference",
            "targetProfile": [
              "https://fhir.kemkes.go.id/r4/StructureDefinition/ServiceRequest"
            ]
          }
        ],
        "isSummary": true,
        "mapping": [
          {
            "identity": "workflow",
            "map": "Request.replaces"
          },
          {
            "identity": "v2",
            "map": "Handled by message location of ORC (ORC.1=RO or RU)"
          },
          {
            "identity": "rim",
            "map": ".outboundRelationship[typeCode=RPLC].target"
          }
        ]
      },
      {
        "id": "ServiceRequest.requisition",
        "path": "ServiceRequest.requisition",
        "short": "Composite Request ID",
        "definition": "A shared identifier common to all service requests that were authorized more or less simultaneously by a single author, representing the composite or group identifier.",
        "comment": "Requests are linked either by a \"basedOn\" relationship (i.e. one request is fulfilling another) or by having a common requisition. Requests that are part of the same requisition are generally treated independently from the perspective of changing their state or maintaining them after initial creation.",
        "requirements": "Some business processes need to know if multiple items were ordered as part of the same \"requisition\" for billing or other purposes.",
        "alias": [
          "grouperId",
          "groupIdentifier"
        ],
        "max": "1",
        "type": [
          {
            "code": "Identifier"
          }
        ],
        "isSummary": true,
        "mapping": [
          {
            "identity": "workflow",
            "map": "Request.groupIdentifier"
          },
          {
            "identity": "v2",
            "map": "ORC.4"
          },
          {
            "identity": "rim",
            "map": ".inboundRelationship(typeCode=COMP].source[moodCode=INT].identifier"
          }
        ]
      },
      {
        "id": "ServiceRequest.status",
        "path": "ServiceRequest.status",
        "short": "draft | active | on-hold | revoked | completed | entered-in-error | unknown",
        "definition": "The status of the order.",
        "comment": "The status is generally fully in the control of the requester - they determine whether the order is draft or active and, after it has been activated, competed, cancelled or suspended. States relating to the activities of the performer are reflected on either the corresponding event (see [Event Pattern](event.html) for general discussion) or using the [Task](task.html) resource.",
        "min": 1,
        "max": "1",
        "type": [
          {
            "code": "code"
          }
        ],
        "isModifier": true,
        "isModifierReason": "This element is labeled as a modifier because it is a status element that contains status entered-in-error which means that the resource should not be treated as valid",
        "isSummary": true,
        "binding": {
          "extension": [
            {
              "url": "https://fhir.kemkes.go.id/r4/StructureDefinition/elementdefinition-bindingName",
              "valueString": "ServiceRequestStatus"
            }
          ],
          "strength": "required",
          "description": "The status of a service order.",
          "valueSet": "http://hl7.org/fhir/ValueSet/request-status|4.0.1"
        },
        "mapping": [
          {
            "identity": "workflow",
            "map": "Request.status"
          },
          {
            "identity": "w5",
            "map": "FiveWs.status"
          },
          {
            "identity": "v2",
            "map": "ORC.5,RF1-1"
          },
          {
            "identity": "rim",
            "map": ".status"
          },
          {
            "identity": "quick",
            "map": "Action.currentStatus"
          }
        ]
      },
      {
        "id": "ServiceRequest.intent",
        "path": "ServiceRequest.intent",
        "short": "proposal | plan | directive | order | original-order | reflex-order | filler-order | instance-order | option",
        "definition": "Whether the request is a proposal, plan, an original order or a reflex order.",
        "comment": "This element is labeled as a modifier because the intent alters when and how the resource is actually applicable.",
        "min": 1,
        "max": "1",
        "type": [
          {
            "code": "code"
          }
        ],
        "isModifier": true,
        "isModifierReason": "This element changes the interpretation of all descriptive attributes. For example \"the time the request is recommended to occur\" vs. \"the time the request is authorized to occur\" or \"who is recommended to perform the request\" vs. \"who is authorized to perform the request",
        "isSummary": true,
        "binding": {
          "extension": [
            {
              "url": "https://fhir.kemkes.go.id/r4/StructureDefinition/elementdefinition-bindingName",
              "valueString": "ServiceRequestIntent"
            }
          ],
          "strength": "required",
          "description": "The kind of service request.",
          "valueSet": "http://hl7.org/fhir/ValueSet/request-intent|4.0.1"
        },
        "mapping": [
          {
            "identity": "workflow",
            "map": "Request.intent"
          },
          {
            "identity": "w5",
            "map": "FiveWs.class"
          },
          {
            "identity": "v2",
            "map": "N/A"
          },
          {
            "identity": "rim",
            "map": ".moodCode (nuances beyond PRP/PLAN/RQO would need to be elsewhere)"
          }
        ]
      },
      {
        "id": "ServiceRequest.category",
        "path": "ServiceRequest.category",
        "short": "Classification of service",
        "definition": "A code that classifies the service for searching, sorting and display purposes (e.g. \"Surgical Procedure\").",
        "comment": "There may be multiple axis of categorization depending on the context or use case for retrieving or displaying the resource.  The level of granularity is defined by the category concepts in the value set.",
        "requirements": "Used for filtering what service request are retrieved and displayed.",
        "type": [
          {
            "code": "CodeableConcept"
          }
        ],
        "isSummary": true,
        "binding": {
          "extension": [
            {
              "url": "https://fhir.kemkes.go.id/r4/StructureDefinition/elementdefinition-bindingName",
              "valueString": "ServiceRequestCategory"
            }
          ],
          "strength": "example",
          "description": "Classification of the requested service.",
          "valueSet": "http://hl7.org/fhir/ValueSet/servicerequest-category"
        },
        "mapping": [
          {
            "identity": "w5",
            "map": "FiveWs.class"
          },
          {
            "identity": "v2",
            "map": "RF1-5"
          },
          {
            "identity": "rim",
            "map": ".outboundRelationship[typeCode=\"COMP].target[classCode=\"LIST\", moodCode=\"INT\"].code"
          }
        ]
      },
      {
        "id": "ServiceRequest.priority",
        "path": "ServiceRequest.priority",
        "short": "routine | urgent | asap | stat",
        "definition": "Indicates how quickly the ServiceRequest should be addressed with respect to other requests.",
        "max": "1",
        "type": [
          {
            "code": "code"
          }
        ],
        "meaningWhenMissing": "If missing, this task should be performed with normal priority",
        "isSummary": true,
        "binding": {
          "extension": [
            {
              "url": "https://fhir.kemkes.go.id/r4/StructureDefinition/elementdefinition-bindingName",
              "valueString": "ServiceRequestPriority"
            }
          ],
          "strength": "required",
          "description": "Identifies the level of importance to be assigned to actioning the request.",
          "valueSet": "http://hl7.org/fhir/ValueSet/request-priority|4.0.1"
        },
        "mapping": [
          {
            "identity": "workflow",
            "map": "Request.priority"
          },
          {
            "identity": "w5",
            "map": "FiveWs.grade"
          },
          {
            "identity": "v2",
            "map": "TQ1.9, RF1-2"
          },
          {
            "identity": "rim",
            "map": ".priorityCode"
          }
        ]
      },
      {
        "id": "ServiceRequest.doNotPerform",
        "path": "ServiceRequest.doNotPerform",
        "short": "True if service/procedure should not be performed",
        "definition": "Set this to true if the record is saying that the service/procedure should NOT be performed.",
        "comment": "In general, only the code and timeframe will be present, though occasional additional qualifiers such as body site or even performer could be included to narrow the scope of the prohibition.  If the ServiceRequest.code and ServiceRequest.doNotPerform both contain negation, that will reinforce prohibition and should not have a double negative interpretation.",
        "requirements": "Used for do not ambulate, do not elevate head of bed, do not flush NG tube, do not take blood pressure on a certain arm, etc.",
        "max": "1",
        "type": [
          {
            "code": "boolean"
          }
        ],
        "meaningWhenMissing": "If missing, the request is a positive request e.g. \"do perform\"",
        "isModifier": true,
        "isModifierReason": "If true this element negates the specified action. For Example,  instead of a request for a procedure, it is a request for the procedure to not occur.",
        "isSummary": true,
        "mapping": [
          {
            "identity": "workflow",
            "map": "Request.doNotPerform"
          },
          {
            "identity": "rim",
            "map": ".actionNegationInd"
          }
        ]
      },
      {
        "id": "ServiceRequest.code",
        "path": "ServiceRequest.code",
        "short": "What is being requested/ordered",
        "definition": "A code that identifies a particular service (i.e., procedure, diagnostic investigation, or panel of investigations) that have been requested.",
        "comment": "Many laboratory and radiology procedure codes embed the specimen/organ system in the test order name, for example,  serum or serum/plasma glucose, or a chest x-ray. The specimen might not be recorded separately from the test code.",
        "alias": [
          "service requested"
        ],
        "min": 1,
        "max": "1",
        "type": [
          {
            "code": "CodeableConcept"
          }
        ],
        "isSummary": true,
        "binding": {
          "extension": [
            {
              "url": "https://fhir.kemkes.go.id/r4/StructureDefinition/elementdefinition-bindingName",
              "valueString": "ServiceRequestCode"
            }
          ],
          "strength": "example",
          "description": "Codes for tests or services that can be carried out by a designated individual, organization or healthcare service.  For laboratory, LOINC is  (preferred)[http://build.fhir.org/terminologies.html#preferred] and a valueset using LOINC Order codes is available [here](valueset-diagnostic-requests.html).",
          "valueSet": "http://hl7.org/fhir/ValueSet/procedure-code"
        },
        "mapping": [
          {
            "identity": "workflow",
            "map": "Request.code"
          },
          {
            "identity": "w5",
            "map": "FiveWs.what[x]"
          },
          {
            "identity": "v2",
            "map": "PR1-3 / OBR-4  (varies by domain)"
          },
          {
            "identity": "rim",
            "map": ".code"
          },
          {
            "identity": "quick",
            "map": "Procedure.procedureCode"
          }
        ]
      },
      {
        "id": "ServiceRequest.orderDetail",
        "path": "ServiceRequest.orderDetail",
        "short": "Additional order information",
        "definition": "Additional details and instructions about the how the services are to be delivered.   For example, and order for a urinary catheter may have an order detail for an external or indwelling catheter, or an order for a bandage may require additional instructions specifying how the bandage should be applied.",
        "comment": "For information from the medical record intended to support the delivery of the requested services, use the `supportingInformation` element.",
        "alias": [
          "detailed instructions"
        ],
        "type": [
          {
            "code": "CodeableConcept"
          }
        ],
        "condition": [
          "prr-1"
        ],
        "isSummary": true,
        "binding": {
          "extension": [
            {
              "url": "https://fhir.kemkes.go.id/r4/StructureDefinition/elementdefinition-bindingName",
              "valueString": "OrderDetail"
            }
          ],
          "strength": "example",
          "description": "Codified order entry details which are based on order context.",
          "valueSet": "http://hl7.org/fhir/ValueSet/servicerequest-orderdetail"
        },
        "mapping": [
          {
            "identity": "v2",
            "map": "NTE"
          },
          {
            "identity": "rim",
            "map": ".code"
          },
          {
            "identity": "quick",
            "map": "Procedure.procedureCode"
          }
        ]
      },
      {
        "id": "ServiceRequest.quantity[x]",
        "path": "ServiceRequest.quantity[x]",
        "short": "Service amount",
        "definition": "An amount of service being requested which can be a quantity ( for example $1,500 home modification), a ratio ( for example, 20 half day visits per month), or a range (2.0 to 1.8 Gy per fraction).",
        "requirements": "When ordering a service the number of service items may need to be specified separately from the the service item.",
        "max": "1",
        "type": [
          {
            "code": "Quantity"
          },
          {
            "code": "Ratio"
          },
          {
            "code": "Range"
          }
        ],
        "isSummary": true,
        "mapping": [
          {
            "identity": "v2",
            "map": "NTE"
          },
          {
            "identity": "rim",
            "map": ".quantity"
          }
        ]
      },
      {
        "id": "ServiceRequest.subject",
        "path": "ServiceRequest.subject",
        "short": "Individual or Entity the service is ordered for",
        "definition": "On whom or what the service is to be performed. This is usually a human patient, but can also be requested on animals, groups of humans or animals, devices such as dialysis machines, or even locations (typically for environmental scans).",
        "min": 1,
        "max": "1",
        "type": [
          {
            "code": "Reference",
            "targetProfile": [
              "https://fhir.kemkes.go.id/r4/StructureDefinition/Patient",
              "https://fhir.kemkes.go.id/r4/StructureDefinition/Group",
              "https://fhir.kemkes.go.id/r4/StructureDefinition/Location",
              "https://fhir.kemkes.go.id/r4/StructureDefinition/Device"
            ]
          }
        ],
        "isSummary": true,
        "mapping": [
          {
            "identity": "workflow",
            "map": "Request.subject"
          },
          {
            "identity": "w5",
            "map": "FiveWs.subject[x]"
          },
          {
            "identity": "v2",
            "map": "PID"
          },
          {
            "identity": "rim",
            "map": ".participation[typeCode=SBJ].role"
          },
          {
            "identity": "quick",
            "map": "ClinicalStatement.subject"
          },
          {
            "identity": "w5",
            "map": "FiveWs.subject"
          }
        ]
      },
      {
        "id": "ServiceRequest.encounter",
        "path": "ServiceRequest.encounter",
        "short": "Encounter in which the request was created",
        "definition": "An encounter that provides additional information about the healthcare context in which this request is made.",
        "alias": [
          "context"
        ],
        "min": 1,
        "max": "1",
        "type": [
          {
            "code": "Reference",
            "targetProfile": [
              "https://fhir.kemkes.go.id/r4/StructureDefinition/Encounter"
            ]
          }
        ],
        "isSummary": true,
        "mapping": [
          {
            "identity": "workflow",
            "map": "Request.encounter"
          },
          {
            "identity": "w5",
            "map": "FiveWs.context"
          },
          {
            "identity": "v2",
            "map": "PV1"
          },
          {
            "identity": "rim",
            "map": ".inboundRelationship(typeCode=COMP].source[classCode<=PCPR, moodCode=EVN]"
          },
          {
            "identity": "quick",
            "map": "ClinicalStatement.encounter"
          }
        ]
      },
      {
        "id": "ServiceRequest.occurrence[x]",
        "path": "ServiceRequest.occurrence[x]",
        "short": "When service should occur",
        "definition": "The date/time at which the requested service should occur.",
        "alias": [
          "schedule"
        ],
        "max": "1",
        "type": [
          {
            "code": "dateTime"
          },
          {
            "code": "Period"
          },
          {
            "code": "Timing"
          }
        ],
        "isSummary": true,
        "mapping": [
          {
            "identity": "workflow",
            "map": "Request.occurrence[x]"
          },
          {
            "identity": "w5",
            "map": "FiveWs.planned"
          },
          {
            "identity": "v2",
            "map": "TQ1/TQ2, OBR-7/OBR-8"
          },
          {
            "identity": "rim",
            "map": ".effectiveTime"
          },
          {
            "identity": "quick",
            "map": "Procedure.procedureSchedule"
          }
        ]
      },
      {
        "id": "ServiceRequest.asNeeded[x]",
        "path": "ServiceRequest.asNeeded[x]",
        "short": "Preconditions for service",
        "definition": "If a CodeableConcept is present, it indicates the pre-condition for performing the service.  For example \"pain\", \"on flare-up\", etc.",
        "max": "1",
        "type": [
          {
            "code": "boolean"
          },
          {
            "code": "CodeableConcept"
          }
        ],
        "isSummary": true,
        "binding": {
          "extension": [
            {
              "url": "https://fhir.kemkes.go.id/r4/StructureDefinition/elementdefinition-bindingName",
              "valueString": "ProcedureAsNeededReason"
            }
          ],
          "strength": "example",
          "description": "A coded concept identifying the pre-condition that should hold prior to performing a procedure.  For example \"pain\", \"on flare-up\", etc.",
          "valueSet": "http://hl7.org/fhir/ValueSet/medication-as-needed-reason"
        },
        "mapping": [
          {
            "identity": "rim",
            "map": "boolean: precondition.negationInd (inversed - so negationInd = true means asNeeded=false CodeableConcept: precondition.observationEventCriterion[code=\"Assertion\"].value"
          },
          {
            "identity": "quick",
            "map": "Proposal.prnReason.reason"
          }
        ]
      },
      {
        "id": "ServiceRequest.authoredOn",
        "path": "ServiceRequest.authoredOn",
        "short": "Date request signed",
        "definition": "When the request transitioned to being actionable.",
        "alias": [
          "orderedOn"
        ],
        "max": "1",
        "type": [
          {
            "code": "dateTime"
          }
        ],
        "isSummary": true,
        "mapping": [
          {
            "identity": "workflow",
            "map": "Request.authoredOn"
          },
          {
            "identity": "w5",
            "map": "FiveWs.recorded"
          },
          {
            "identity": "v2",
            "map": "ORC.9,  RF1-7 / RF1-9"
          },
          {
            "identity": "rim",
            "map": ".participation[typeCode=AUT].time"
          },
          {
            "identity": "quick",
            "map": "Proposal.proposedAtTime"
          }
        ]
      },
      {
        "id": "ServiceRequest.requester",
        "path": "ServiceRequest.requester",
        "short": "Who/what is requesting service",
        "definition": "The individual who initiated the request and has responsibility for its activation.",
        "comment": "This not the dispatcher, but rather who is the authorizer.  This element is not intended to handle delegation which would generally be managed through the Provenance resource.",
        "alias": [
          "author",
          "orderer"
        ],
        "max": "1",
        "type": [
          {
            "code": "Reference",
            "targetProfile": [
              "https://fhir.kemkes.go.id/r4/StructureDefinition/Practitioner",
              "https://fhir.kemkes.go.id/r4/StructureDefinition/PractitionerRole",
              "https://fhir.kemkes.go.id/r4/StructureDefinition/Organization",
              "https://fhir.kemkes.go.id/r4/StructureDefinition/Patient",
              "https://fhir.kemkes.go.id/r4/StructureDefinition/RelatedPerson",
              "https://fhir.kemkes.go.id/r4/StructureDefinition/Device"
            ]
          }
        ],
        "isSummary": true,
        "mapping": [
          {
            "identity": "workflow",
            "map": "Request.requester"
          },
          {
            "identity": "w5",
            "map": "FiveWs.author"
          },
          {
            "identity": "v2",
            "map": "ORC.12, PRT"
          },
          {
            "identity": "rim",
            "map": ".participation[typeCode=AUT].role"
          },
          {
            "identity": "quick",
            "map": "ClinicalStatement.statementAuthor"
          }
        ]
      },
      {
        "id": "ServiceRequest.performerType",
        "path": "ServiceRequest.performerType",
        "short": "Performer role",
        "definition": "Desired type of performer for doing the requested service.",
        "comment": "This is a  role, not  a participation type.  In other words, does not describe the task but describes the capacity.  For example, “compounding pharmacy”, “psychiatrist” or “internal referral”.",
        "alias": [
          "specialty"
        ],
        "max": "1",
        "type": [
          {
            "code": "CodeableConcept"
          }
        ],
        "isSummary": true,
        "binding": {
          "extension": [
            {
              "url": "https://fhir.kemkes.go.id/r4/StructureDefinition/elementdefinition-bindingName",
              "valueString": "ServiceRequestParticipantRole"
            }
          ],
          "strength": "example",
          "description": "Indicates specific responsibility of an individual within the care team, such as \"Primary physician\", \"Team coordinator\", \"Caregiver\", etc.",
          "valueSet": "http://hl7.org/fhir/ValueSet/participant-role"
        },
        "mapping": [
          {
            "identity": "workflow",
            "map": "Request.performerType"
          },
          {
            "identity": "w5",
            "map": "FiveWs.actor"
          },
          {
            "identity": "v2",
            "map": "PRT, RF!-3"
          },
          {
            "identity": "rim",
            "map": ".participation[typeCode=PRF].role[scoper.determinerCode=KIND].code"
          }
        ]
      },
      {
        "id": "ServiceRequest.performer",
        "path": "ServiceRequest.performer",
        "short": "Requested performer",
        "definition": "The desired performer for doing the requested service.  For example, the surgeon, dermatopathologist, endoscopist, etc.",
        "comment": "If multiple performers are present, it is interpreted as a list of *alternative* performers without any preference regardless of order.  If order of preference is needed use the [request-performerOrder extension](extension-request-performerorder.html).  Use CareTeam to represent a group of performers (for example, Practitioner A *and* Practitioner B).",
        "alias": [
          "request recipient"
        ],
        "type": [
          {
            "code": "Reference",
            "targetProfile": [
              "https://fhir.kemkes.go.id/r4/StructureDefinition/Practitioner",
              "https://fhir.kemkes.go.id/r4/StructureDefinition/PractitionerRole",
              "https://fhir.kemkes.go.id/r4/StructureDefinition/Organization",
              "https://fhir.kemkes.go.id/r4/StructureDefinition/CareTeam",
              "https://fhir.kemkes.go.id/r4/StructureDefinition/HealthcareService",
              "https://fhir.kemkes.go.id/r4/StructureDefinition/Patient",
              "https://fhir.kemkes.go.id/r4/StructureDefinition/Device",
              "https://fhir.kemkes.go.id/r4/StructureDefinition/RelatedPerson"
            ]
          }
        ],
        "isSummary": true,
        "mapping": [
          {
            "identity": "workflow",
            "map": "Request.performer"
          },
          {
            "identity": "w5",
            "map": "FiveWs.actor"
          },
          {
            "identity": "v2",
            "map": "PRT, Practitioner: PRD-2/PRD-7 where PRD-3 = RT; Organization: PRD-10 where PRD-3 = RT"
          },
          {
            "identity": "rim",
            "map": ".participation[typeCode=PRF].role[scoper.determinerCode=INSTANCE]"
          }
        ]
      },
      {
        "id": "ServiceRequest.locationCode",
        "path": "ServiceRequest.locationCode",
        "short": "Requested location",
        "definition": "The preferred location(s) where the procedure should actually happen in coded or free text form. E.g. at home or nursing day care center.",
        "type": [
          {
            "code": "CodeableConcept"
          }
        ],
        "isSummary": true,
        "binding": {
          "extension": [
            {
              "url": "https://fhir.kemkes.go.id/r4/StructureDefinition/elementdefinition-bindingName",
              "valueString": "ServiceRequestLocation"
            }
          ],
          "strength": "example",
          "description": "A location type where services are delivered.",
          "valueSet": "http://terminology.hl7.org/ValueSet/v3-ServiceDeliveryLocationRoleType"
        },
        "mapping": [
          {
            "identity": "w5",
            "map": "FiveWs.actor"
          },
          {
            "identity": "rim",
            "map": ".participation[typeCode=LOC].role[scoper.determinerCode=KIND].code"
          }
        ]
      },
      {
        "id": "ServiceRequest.locationReference",
        "path": "ServiceRequest.locationReference",
        "short": "Requested location",
        "definition": "A reference to the the preferred location(s) where the procedure should actually happen. E.g. at home or nursing day care center.",
        "type": [
          {
            "code": "Reference",
            "targetProfile": [
              "https://fhir.kemkes.go.id/r4/StructureDefinition/Location"
            ]
          }
        ],
        "isSummary": true,
        "mapping": [
          {
            "identity": "w5",
            "map": "FiveWs.actor"
          },
          {
            "identity": "rim",
            "map": ".participation[typeCode=LOC].role[scoper.determinerCode=INSTANCE]"
          }
        ]
      },
      {
        "id": "ServiceRequest.reasonCode",
        "path": "ServiceRequest.reasonCode",
        "short": "Explanation/Justification for procedure or service",
        "definition": "An explanation or justification for why this service is being requested in coded or textual form.   This is often for billing purposes.  May relate to the resources referred to in `supportingInfo`.",
        "comment": "This element represents why the referral is being made and may be used to decide how the service will be performed, or even if it will be performed at all.   Use `CodeableConcept.text` element if the data is free (uncoded) text as shown in the [CT Scan example](servicerequest-example-di.html).",
        "type": [
          {
            "code": "CodeableConcept"
          }
        ],
        "isSummary": true,
        "binding": {
          "extension": [
            {
              "url": "https://fhir.kemkes.go.id/r4/StructureDefinition/elementdefinition-bindingName",
              "valueString": "ServiceRequestReason"
            }
          ],
          "strength": "example",
          "description": "Diagnosis or problem codes justifying the reason for requesting the service investigation.",
          "valueSet": "http://hl7.org/fhir/ValueSet/procedure-reason"
        },
        "mapping": [
          {
            "identity": "workflow",
            "map": "Request.reasonCode"
          },
          {
            "identity": "w5",
            "map": "FiveWs.why[x]"
          },
          {
            "identity": "v2",
            "map": "ORC.16, RF1-10"
          },
          {
            "identity": "rim",
            "map": ".reasonCode"
          }
        ]
      },
      {
        "id": "ServiceRequest.reasonReference",
        "path": "ServiceRequest.reasonReference",
        "short": "Explanation/Justification for service or service",
        "definition": "Indicates another resource that provides a justification for why this service is being requested.   May relate to the resources referred to in `supportingInfo`.",
        "comment": "This element represents why the referral is being made and may be used to decide how the service will be performed, or even if it will be performed at all.    To be as specific as possible,  a reference to  *Observation* or *Condition* should be used if available.  Otherwise when referencing  *DiagnosticReport*  it should contain a finding  in `DiagnosticReport.conclusion` and/or `DiagnosticReport.conclusionCode`.   When using a reference to *DocumentReference*, the target document should contain clear findings language providing the relevant reason for this service request.  Use  the CodeableConcept text element in `ServiceRequest.reasonCode` if the data is free (uncoded) text as shown in the [CT Scan example](servicerequest-example-di.html).",
        "type": [
          {
            "code": "Reference",
            "targetProfile": [
              "https://fhir.kemkes.go.id/r4/StructureDefinition/Condition",
              "https://fhir.kemkes.go.id/r4/StructureDefinition/Observation",
              "https://fhir.kemkes.go.id/r4/StructureDefinition/DiagnosticReport",
              "https://fhir.kemkes.go.id/r4/StructureDefinition/DocumentReference"
            ]
          }
        ],
        "isSummary": true,
        "mapping": [
          {
            "identity": "workflow",
            "map": "Request.reasonReference"
          },
          {
            "identity": "w5",
            "map": "FiveWs.why[x]"
          },
          {
            "identity": "v2",
            "map": "ORC.16"
          },
          {
            "identity": "rim",
            "map": ".outboundRelationship[typeCode=RSON].target"
          }
        ]
      },
      {
        "id": "ServiceRequest.insurance",
        "path": "ServiceRequest.insurance",
        "short": "Associated insurance coverage",
        "definition": "Insurance plans, coverage extensions, pre-authorizations and/or pre-determinations that may be needed for delivering the requested service.",
        "type": [
          {
            "code": "Reference",
            "targetProfile": [
              "https://fhir.kemkes.go.id/r4/StructureDefinition/Coverage",
              "https://fhir.kemkes.go.id/r4/StructureDefinition/ClaimResponse"
            ]
          }
        ],
        "mapping": [
          {
            "identity": "workflow",
            "map": "Request.insurance"
          },
          {
            "identity": "v2",
            "map": "IN1/IN2"
          },
          {
            "identity": "rim",
            "map": ".outboundRelationship[typeCode=COVBY].target"
          }
        ]
      },
      {
        "id": "ServiceRequest.supportingInfo",
        "path": "ServiceRequest.supportingInfo",
        "short": "Additional clinical information",
        "definition": "Additional clinical information about the patient or specimen that may influence the services or their interpretations.     This information includes diagnosis, clinical findings and other observations.  In laboratory ordering these are typically referred to as \"ask at order entry questions (AOEs)\".  This includes observations explicitly requested by the producer (filler) to provide context or supporting information needed to complete the order. For example,  reporting the amount of inspired oxygen for blood gas measurements.",
        "comment": "To represent information about how the services are to be delivered use the `instructions` element.",
        "alias": [
          "Ask at order entry question",
          "AOE"
        ],
        "type": [
          {
            "code": "Reference",
            "targetProfile": [
              "https://fhir.kemkes.go.id/r4/StructureDefinition/Resource"
            ]
          }
        ],
        "mapping": [
          {
            "identity": "workflow",
            "map": "Request.supportingInfo"
          },
          {
            "identity": "v2",
            "map": "Accompanying segments"
          },
          {
            "identity": "rim",
            "map": ".outboundRelationship[typeCode=PERT].target"
          }
        ]
      },
      {
        "id": "ServiceRequest.specimen",
        "path": "ServiceRequest.specimen",
        "short": "Procedure Samples",
        "definition": "One or more specimens that the laboratory procedure will use.",
        "comment": "Many diagnostic procedures need a specimen, but the request itself is not actually about the specimen. This element is for when the diagnostic is requested on already existing specimens and the request points to the specimen it applies to.    Conversely, if the request is entered first with an unknown specimen, then the [Specimen](specimen.html) resource points to the ServiceRequest.",
        "type": [
          {
            "code": "Reference",
            "targetProfile": [
              "https://fhir.kemkes.go.id/r4/StructureDefinition/Specimen"
            ]
          }
        ],
        "isSummary": true,
        "mapping": [
          {
            "identity": "v2",
            "map": "SPM"
          },
          {
            "identity": "rim",
            "map": ".participation[typeCode=SPC].role"
          }
        ]
      },
      {
        "id": "ServiceRequest.bodySite",
        "path": "ServiceRequest.bodySite",
        "short": "Location on Body",
        "definition": "Anatomic location where the procedure should be performed. This is the target site.",
        "comment": "Only used if not implicit in the code found in ServiceRequest.code.  If the use case requires BodySite to be handled as a separate resource instead of an inline coded element (e.g. to identify and track separately)  then use the standard extension [procedure-targetBodyStructure](extension-procedure-targetbodystructure.html).",
        "requirements": "Knowing where the procedure is performed is important for tracking if multiple sites are possible.",
        "alias": [
          "location"
        ],
        "type": [
          {
            "code": "CodeableConcept"
          }
        ],
        "isSummary": true,
        "binding": {
          "extension": [
            {
              "url": "https://fhir.kemkes.go.id/r4/StructureDefinition/elementdefinition-bindingName",
              "valueString": "BodySite"
            }
          ],
          "strength": "example",
          "description": "Codes describing anatomical locations. May include laterality.",
          "valueSet": "http://hl7.org/fhir/ValueSet/body-site"
        },
        "mapping": [
          {
            "identity": "v2",
            "map": "SPM"
          },
          {
            "identity": "rim",
            "map": "targetSiteCode"
          },
          {
            "identity": "quick",
            "map": "Procedure.targetBodySite"
          }
        ]
      },
      {
        "id": "ServiceRequest.note",
        "path": "ServiceRequest.note",
        "short": "Comments",
        "definition": "Any other notes and comments made about the service request. For example, internal billing notes.",
        "type": [
          {
            "code": "Annotation"
          }
        ],
        "mapping": [
          {
            "identity": "workflow",
            "map": "Request.note"
          },
          {
            "identity": "v2",
            "map": "NTE"
          },
          {
            "identity": "rim",
            "map": ".inboundRelationship(typeCode=SUBJ].source[classCode=ANNGEN, moodCode=EVN].value[xsi:type=ST]"
          },
          {
            "identity": "quick",
            "map": "ClinicalStatement.additionalText"
          }
        ]
      },
      {
        "id": "ServiceRequest.patientInstruction",
        "path": "ServiceRequest.patientInstruction",
        "short": "Patient or consumer-oriented instructions",
        "definition": "Instructions in terms that are understood by the patient or consumer.",
        "max": "1",
        "type": [
          {
            "code": "string"
          }
        ],
        "isSummary": true,
        "mapping": [
          {
            "identity": "v2",
            "map": "NTE"
          },
          {
            "identity": "rim",
            "map": ".text"
          }
        ]
      },
      {
        "id": "ServiceRequest.relevantHistory",
        "path": "ServiceRequest.relevantHistory",
        "short": "Request provenance",
        "definition": "Key events in the history of the request.",
        "comment": "This might not include provenances for all versions of the request – only those deemed “relevant” or important.\rThis SHALL NOT include the Provenance associated with this current version of the resource.  (If that provenance is deemed to be a “relevant” change, it will need to be added as part of a later update.  Until then, it can be queried directly as the Provenance that points to this version using _revinclude\rAll Provenances should have some historical version of this Request as their subject.",
        "type": [
          {
            "code": "Reference",
            "targetProfile": [
              "https://fhir.kemkes.go.id/r4/StructureDefinition/Provenance"
            ]
          }
        ],
        "mapping": [
          {
            "identity": "workflow",
            "map": "Request.relevantHistory"
          },
          {
            "identity": "v2",
            "map": "N/A"
          },
          {
            "identity": "rim",
            "map": ".inboundRelationship(typeCode=SUBJ].source[classCode=CACT, moodCode=EVN]"
          }
        ]
      }
    ]
  }
}