{
  "resourceType": "StructureDefinition",
  "id": "MedicationStatement",
  "meta": {
    "lastUpdated": "2019-11-01T09:29:23.356+11:00"
  },
  "extension": [
    {
      "url": "https://fhir.kemkes.go.id/r4/StructureDefinition/structuredefinition-category",
      "valueString": "Clinical.Medications"
    },
    {
      "url": "https://fhir.kemkes.go.id/r4/StructureDefinition/structuredefinition-standards-status",
      "valueCode": "trial-use"
    },
    {
      "url": "https://fhir.kemkes.go.id/r4/StructureDefinition/structuredefinition-fmm",
      "valueInteger": 3
    },
    {
      "url": "https://fhir.kemkes.go.id/r4/StructureDefinition/structuredefinition-security-category",
      "valueCode": "patient"
    },
    {
      "url": "https://fhir.kemkes.go.id/r4/StructureDefinition/structuredefinition-wg",
      "valueCode": "phx"
    }
  ],
  "url": "https://fhir.kemkes.go.id/r4/StructureDefinition/MedicationStatement",
  "version": "4.0.1",
  "name": "MedicationStatement",
  "status": "draft",
  "date": "2023-05-12T03:54:04.8907436+00:00",
  "publisher": "Health Level Seven International (Pharmacy)",
  "contact": [
    {
      "telecom": [
        {
          "system": "url",
          "value": "http://hl7.org/fhir"
        }
      ]
    },
    {
      "telecom": [
        {
          "system": "url",
          "value": "http://www.hl7.org/Special/committees/medication/index.cfm"
        }
      ]
    }
  ],
  "description": "A record of a medication that is being consumed by a patient.   A MedicationStatement may indicate that the patient may be taking the medication now or has taken the medication in the past or will be taking the medication in the future.  The source of this information can be the patient, significant other (such as a family member or spouse), or a clinician.  A common scenario where this information is captured is during the history taking process during a patient visit or stay.   The medication information may come from sources such as the patient's memory, from a prescription bottle,  or from a list of medications the patient, clinician or other party maintains. \n\nThe primary difference between a medication statement and a medication administration is that the medication administration has complete administration information and is based on actual administration information from the person who administered the medication.  A medication statement is often, if not always, less specific.  There is no required date/time when the medication was administered, in fact we only know that a source has reported the patient is taking this medication, where details such as time, quantity, or rate or even medication product may be incomplete or missing or less precise.  As stated earlier, the medication statement information may come from the patient's memory, from a prescription bottle or from a list of medications the patient, clinician or other party maintains.  Medication administration is more formal and is not missing detailed information.",
  "fhirVersion": "4.0.1",
  "mapping": [
    {
      "identity": "workflow",
      "uri": "http://hl7.org/fhir/workflow",
      "name": "Workflow Pattern"
    },
    {
      "identity": "rim",
      "uri": "http://hl7.org/v3",
      "name": "RIM Mapping"
    },
    {
      "identity": "w5",
      "uri": "http://hl7.org/fhir/fivews",
      "name": "FiveWs Pattern Mapping"
    },
    {
      "identity": "v2",
      "uri": "http://hl7.org/v2",
      "name": "HL7 v2 Mapping"
    }
  ],
  "kind": "resource",
  "abstract": false,
  "type": "MedicationStatement",
  "baseDefinition": "https://fhir.kemkes.go.id/r4/StructureDefinition/DomainResource",
  "derivation": "specialization",
  "differential": {
    "element": [
      {
        "id": "MedicationStatement",
        "path": "MedicationStatement",
        "short": "Record of medication being taken by a patient",
        "definition": "A record of a medication that is being consumed by a patient.   A MedicationStatement may indicate that the patient may be taking the medication now or has taken the medication in the past or will be taking the medication in the future.  The source of this information can be the patient, significant other (such as a family member or spouse), or a clinician.  A common scenario where this information is captured is during the history taking process during a patient visit or stay.   The medication information may come from sources such as the patient's memory, from a prescription bottle,  or from a list of medications the patient, clinician or other party maintains. \n\nThe primary difference between a medication statement and a medication administration is that the medication administration has complete administration information and is based on actual administration information from the person who administered the medication.  A medication statement is often, if not always, less specific.  There is no required date/time when the medication was administered, in fact we only know that a source has reported the patient is taking this medication, where details such as time, quantity, or rate or even medication product may be incomplete or missing or less precise.  As stated earlier, the medication statement information may come from the patient's memory, from a prescription bottle or from a list of medications the patient, clinician or other party maintains.  Medication administration is more formal and is not missing detailed information.",
        "comment": "When interpreting a medicationStatement, the value of the status and NotTaken needed to be considered:\rMedicationStatement.status + MedicationStatement.wasNotTaken\rStatus=Active + NotTaken=T = Not currently taking\rStatus=Completed + NotTaken=T = Not taken in the past\rStatus=Intended + NotTaken=T = No intention of taking\rStatus=Active + NotTaken=F = Taking, but not as prescribed\rStatus=Active + NotTaken=F = Taking\rStatus=Intended +NotTaken= F = Will be taking (not started)\rStatus=Completed + NotTaken=F = Taken in past\rStatus=In Error + NotTaken=N/A = In Error.",
        "mapping": [
          {
            "identity": "workflow",
            "map": "Event"
          },
          {
            "identity": "rim",
            "map": "SubstanceAdministration"
          }
        ]
      },
      {
        "id": "MedicationStatement.identifier",
        "path": "MedicationStatement.identifier",
        "short": "External identifier",
        "definition": "Identifiers associated with this Medication Statement that are defined by business processes and/or used to refer to it when a direct URL reference to the resource itself is not appropriate. They are business identifiers assigned to this resource by the performer or other systems and remain constant as the resource is updated and propagates from server to server.",
        "comment": "This is a business identifier, not a resource identifier.",
        "type": [
          {
            "code": "Identifier"
          }
        ],
        "isSummary": true,
        "mapping": [
          {
            "identity": "workflow",
            "map": "Event.identifier"
          },
          {
            "identity": "w5",
            "map": "FiveWs.identifier"
          },
          {
            "identity": "rim",
            "map": ".id"
          }
        ]
      },
      {
        "id": "MedicationStatement.basedOn",
        "path": "MedicationStatement.basedOn",
        "short": "Fulfils plan, proposal or order",
        "definition": "A plan, proposal or order that is fulfilled in whole or in part by this event.",
        "requirements": "Allows tracing of authorization for the event and tracking whether proposals/recommendations were acted upon.",
        "type": [
          {
            "code": "Reference",
            "targetProfile": [
              "https://fhir.kemkes.go.id/r4/StructureDefinition/MedicationRequest",
              "https://fhir.kemkes.go.id/r4/StructureDefinition/CarePlan",
              "https://fhir.kemkes.go.id/r4/StructureDefinition/ServiceRequest"
            ]
          }
        ],
        "isSummary": true,
        "mapping": [
          {
            "identity": "workflow",
            "map": "Event.basedOn"
          },
          {
            "identity": "rim",
            "map": ".outboundRelationship[typeCode=FLFS].target[classCode=SBADM or PROC or PCPR or OBS, moodCode=RQO orPLAN or PRP]"
          }
        ]
      },
      {
        "id": "MedicationStatement.partOf",
        "path": "MedicationStatement.partOf",
        "short": "Part of referenced event",
        "definition": "A larger event of which this particular event is a component or step.",
        "requirements": "This should not be used when indicating which resource a MedicationStatement has been derived from.  If that is the use case, then MedicationStatement.derivedFrom should be used.",
        "type": [
          {
            "code": "Reference",
            "targetProfile": [
              "https://fhir.kemkes.go.id/r4/StructureDefinition/MedicationAdministration",
              "https://fhir.kemkes.go.id/r4/StructureDefinition/MedicationDispense",
              "https://fhir.kemkes.go.id/r4/StructureDefinition/MedicationStatement",
              "https://fhir.kemkes.go.id/r4/StructureDefinition/Procedure",
              "https://fhir.kemkes.go.id/r4/StructureDefinition/Observation"
            ]
          }
        ],
        "isSummary": true,
        "mapping": [
          {
            "identity": "workflow",
            "map": "Event.partOf"
          },
          {
            "identity": "rim",
            "map": ".outboundRelationship[typeCode=COMP]/target[classCode=SPLY or SBADM or PROC or OBS,moodCode=EVN]"
          }
        ]
      },
      {
        "id": "MedicationStatement.status",
        "path": "MedicationStatement.status",
        "short": "active | completed | entered-in-error | intended | stopped | on-hold | unknown | not-taken",
        "definition": "A code representing the patient or other source's judgment about the state of the medication used that this statement is about.  Generally, this will be active or completed.",
        "comment": "MedicationStatement is a statement at a point in time.  The status is only representative at the point when it was asserted.  The value set for MedicationStatement.status contains codes that assert the status of the use of the medication by the patient (for example, stopped or on hold) as well as codes that assert the status of the medication statement itself (for example, entered in error).\r\rThis element is labeled as a modifier because the status contains codes that mark the resource as not currently valid.",
        "min": 1,
        "max": "1",
        "type": [
          {
            "code": "code"
          }
        ],
        "isModifier": true,
        "isModifierReason": "This element is labelled as a modifier because it is a status element that contains status entered-in-error which means that the resource should not be treated as valid",
        "isSummary": true,
        "binding": {
          "extension": [
            {
              "url": "https://fhir.kemkes.go.id/r4/StructureDefinition/elementdefinition-bindingName",
              "valueString": "MedicationStatementStatus"
            }
          ],
          "strength": "required",
          "description": "A coded concept indicating the current status of a MedicationStatement.",
          "valueSet": "http://hl7.org/fhir/ValueSet/medication-statement-status|4.0.1"
        },
        "mapping": [
          {
            "identity": "workflow",
            "map": "Event.status"
          },
          {
            "identity": "w5",
            "map": "FiveWs.status"
          },
          {
            "identity": "rim",
            "map": ".statusCode"
          }
        ]
      },
      {
        "id": "MedicationStatement.statusReason",
        "path": "MedicationStatement.statusReason",
        "short": "Reason for current status",
        "definition": "Captures the reason for the current state of the MedicationStatement.",
        "comment": "This is generally only used for \"exception\" statuses such as \"not-taken\", \"on-hold\", \"cancelled\" or \"entered-in-error\". The reason for performing the event at all is captured in reasonCode, not here.",
        "type": [
          {
            "code": "CodeableConcept"
          }
        ],
        "binding": {
          "extension": [
            {
              "url": "https://fhir.kemkes.go.id/r4/StructureDefinition/elementdefinition-bindingName",
              "valueString": "MedicationStatementStatusReason"
            }
          ],
          "strength": "example",
          "description": "A coded concept indicating the reason for the status of the statement.",
          "valueSet": "http://hl7.org/fhir/ValueSet/reason-medication-status-codes"
        },
        "mapping": [
          {
            "identity": "workflow",
            "map": "Event.statusReason"
          },
          {
            "identity": "rim",
            "map": ".inboundRelationship[typeCode=SUBJ].source[classCode=CACT, moodCode=EVN].reasonCOde"
          }
        ]
      },
      {
        "id": "MedicationStatement.category",
        "path": "MedicationStatement.category",
        "short": "Type of medication usage",
        "definition": "Indicates where the medication is expected to be consumed or administered.",
        "max": "1",
        "type": [
          {
            "code": "CodeableConcept"
          }
        ],
        "isSummary": true,
        "binding": {
          "extension": [
            {
              "url": "https://fhir.kemkes.go.id/r4/StructureDefinition/elementdefinition-bindingName",
              "valueString": "MedicationStatementCategory"
            }
          ],
          "strength": "preferred",
          "description": "A coded concept identifying where the medication included in the MedicationStatement is expected to be consumed or administered.",
          "valueSet": "http://hl7.org/fhir/ValueSet/medication-statement-category"
        },
        "mapping": [
          {
            "identity": "w5",
            "map": "FiveWs.class"
          },
          {
            "identity": "rim",
            "map": ".inboundRelationship[typeCode=COMP].source[classCode=OBS, moodCode=EVN, code=\"type of medication usage\"].value"
          }
        ]
      },
      {
        "id": "MedicationStatement.medication[x]",
        "path": "MedicationStatement.medication[x]",
        "short": "What medication was taken",
        "definition": "Identifies the medication being administered. This is either a link to a resource representing the details of the medication or a simple attribute carrying a code that identifies the medication from a known list of medications.",
        "comment": "If only a code is specified, then it needs to be a code for a specific product. If more information is required, then the use of the medication resource is recommended.  For example, if you require form or lot number, then you must reference the Medication resource.",
        "min": 1,
        "max": "1",
        "type": [
          {
            "code": "CodeableConcept"
          },
          {
            "code": "Reference",
            "targetProfile": [
              "https://fhir.kemkes.go.id/r4/StructureDefinition/Medication"
            ]
          }
        ],
        "isSummary": true,
        "binding": {
          "extension": [
            {
              "url": "https://fhir.kemkes.go.id/r4/StructureDefinition/elementdefinition-bindingName",
              "valueString": "MedicationCode"
            }
          ],
          "strength": "example",
          "description": "A coded concept identifying the substance or product being taken.",
          "valueSet": "http://hl7.org/fhir/ValueSet/medication-codes"
        },
        "mapping": [
          {
            "identity": "workflow",
            "map": "Event.code"
          },
          {
            "identity": "w5",
            "map": "FiveWs.what[x]"
          },
          {
            "identity": "rim",
            "map": ".participation[typeCode=CSM].role[classCode=ADMM or MANU]"
          }
        ]
      },
      {
        "id": "MedicationStatement.subject",
        "path": "MedicationStatement.subject",
        "short": "Who is/was taking  the medication",
        "definition": "The person, animal or group who is/was taking the medication.",
        "min": 1,
        "max": "1",
        "type": [
          {
            "code": "Reference",
            "targetProfile": [
              "https://fhir.kemkes.go.id/r4/StructureDefinition/Patient",
              "https://fhir.kemkes.go.id/r4/StructureDefinition/Group"
            ]
          }
        ],
        "isSummary": true,
        "mapping": [
          {
            "identity": "workflow",
            "map": "Event.subject"
          },
          {
            "identity": "w5",
            "map": "FiveWs.subject[x]"
          },
          {
            "identity": "v2",
            "map": "PID-3-Patient ID List"
          },
          {
            "identity": "rim",
            "map": ".participation[typeCode=SBJ].role[classCode=PAT]"
          },
          {
            "identity": "w5",
            "map": "FiveWs.subject"
          }
        ]
      },
      {
        "id": "MedicationStatement.context",
        "path": "MedicationStatement.context",
        "short": "Encounter / Episode associated with MedicationStatement",
        "definition": "The encounter or episode of care that establishes the context for this MedicationStatement.",
        "max": "1",
        "type": [
          {
            "code": "Reference",
            "targetProfile": [
              "https://fhir.kemkes.go.id/r4/StructureDefinition/Encounter",
              "https://fhir.kemkes.go.id/r4/StructureDefinition/EpisodeOfCare"
            ]
          }
        ],
        "isSummary": true,
        "mapping": [
          {
            "identity": "workflow",
            "map": "Event.context"
          },
          {
            "identity": "rim",
            "map": ".inboundRelationship[typeCode=COMP].source[classCode=ENC, moodCode=EVN, code=\"type of encounter or episode\"]"
          }
        ]
      },
      {
        "id": "MedicationStatement.effective[x]",
        "path": "MedicationStatement.effective[x]",
        "short": "The date/time or interval when the medication is/was/will be taken",
        "definition": "The interval of time during which it is being asserted that the patient is/was/will be taking the medication (or was not taking, when the MedicationStatement.taken element is No).",
        "comment": "This attribute reflects the period over which the patient consumed the medication and is expected to be populated on the majority of Medication Statements. If the medication is still being taken at the time the statement is recorded, the \"end\" date will be omitted.  The date/time attribute supports a variety of dates - year, year/month and exact date.  If something more than this is required, this should be conveyed as text.",
        "max": "1",
        "type": [
          {
            "code": "dateTime"
          },
          {
            "code": "Period"
          }
        ],
        "isSummary": true,
        "mapping": [
          {
            "identity": "workflow",
            "map": "Event.occurrence[x]"
          },
          {
            "identity": "w5",
            "map": "FiveWs.done[x]"
          },
          {
            "identity": "rim",
            "map": ".effectiveTime"
          }
        ]
      },
      {
        "id": "MedicationStatement.dateAsserted",
        "path": "MedicationStatement.dateAsserted",
        "short": "When the statement was asserted?",
        "definition": "The date when the medication statement was asserted by the information source.",
        "max": "1",
        "type": [
          {
            "code": "dateTime"
          }
        ],
        "isSummary": true,
        "mapping": [
          {
            "identity": "w5",
            "map": "FiveWs.recorded"
          },
          {
            "identity": "rim",
            "map": ".participation[typeCode=AUT].time"
          }
        ]
      },
      {
        "id": "MedicationStatement.informationSource",
        "path": "MedicationStatement.informationSource",
        "short": "Person or organization that provided the information about the taking of this medication",
        "definition": "The person or organization that provided the information about the taking of this medication. Note: Use derivedFrom when a MedicationStatement is derived from other resources, e.g. Claim or MedicationRequest.",
        "max": "1",
        "type": [
          {
            "code": "Reference",
            "targetProfile": [
              "https://fhir.kemkes.go.id/r4/StructureDefinition/Patient",
              "https://fhir.kemkes.go.id/r4/StructureDefinition/Practitioner",
              "https://fhir.kemkes.go.id/r4/StructureDefinition/PractitionerRole",
              "https://fhir.kemkes.go.id/r4/StructureDefinition/RelatedPerson",
              "https://fhir.kemkes.go.id/r4/StructureDefinition/Organization"
            ]
          }
        ],
        "mapping": [
          {
            "identity": "w5",
            "map": "FiveWs.source"
          },
          {
            "identity": "rim",
            "map": ".participation[typeCode=INF].role[classCode=PAT, or codes for Practioner or Related Person (if PAT is the informer, then syntax for self-reported =true)"
          }
        ]
      },
      {
        "id": "MedicationStatement.derivedFrom",
        "path": "MedicationStatement.derivedFrom",
        "short": "Additional supporting information",
        "definition": "Allows linking the MedicationStatement to the underlying MedicationRequest, or to other information that supports or is used to derive the MedicationStatement.",
        "comment": "Likely references would be to MedicationRequest, MedicationDispense, Claim, Observation or QuestionnaireAnswers.  The most common use cases for deriving a MedicationStatement comes from creating a MedicationStatement from a MedicationRequest or from a lab observation or a claim.  it should be noted that the amount of information that is available varies from the type resource that you derive the MedicationStatement from.",
        "type": [
          {
            "code": "Reference",
            "targetProfile": [
              "https://fhir.kemkes.go.id/r4/StructureDefinition/Resource"
            ]
          }
        ],
        "mapping": [
          {
            "identity": "rim",
            "map": ".outboundRelationship[typeCode=SPRT]/target[classCode=ACT,moodCode=EVN]"
          }
        ]
      },
      {
        "id": "MedicationStatement.reasonCode",
        "path": "MedicationStatement.reasonCode",
        "short": "Reason for why the medication is being/was taken",
        "definition": "A reason for why the medication is being/was taken.",
        "comment": "This could be a diagnosis code. If a full condition record exists or additional detail is needed, use reasonForUseReference.",
        "type": [
          {
            "code": "CodeableConcept"
          }
        ],
        "binding": {
          "extension": [
            {
              "url": "https://fhir.kemkes.go.id/r4/StructureDefinition/elementdefinition-bindingName",
              "valueString": "MedicationReason"
            }
          ],
          "strength": "example",
          "description": "A coded concept identifying why the medication is being taken.",
          "valueSet": "http://hl7.org/fhir/ValueSet/condition-code"
        },
        "mapping": [
          {
            "identity": "workflow",
            "map": "Event.reasonCode"
          },
          {
            "identity": "w5",
            "map": "FiveWs.why[x]"
          },
          {
            "identity": "rim",
            "map": ".reasonCode"
          }
        ]
      },
      {
        "id": "MedicationStatement.reasonReference",
        "path": "MedicationStatement.reasonReference",
        "short": "Condition or observation that supports why the medication is being/was taken",
        "definition": "Condition or observation that supports why the medication is being/was taken.",
        "comment": "This is a reference to a condition that is the reason why the medication is being/was taken.  If only a code exists, use reasonForUseCode.",
        "type": [
          {
            "code": "Reference",
            "targetProfile": [
              "https://fhir.kemkes.go.id/r4/StructureDefinition/Condition",
              "https://fhir.kemkes.go.id/r4/StructureDefinition/Observation",
              "https://fhir.kemkes.go.id/r4/StructureDefinition/DiagnosticReport"
            ]
          }
        ],
        "mapping": [
          {
            "identity": "workflow",
            "map": "Event.reasonReference"
          },
          {
            "identity": "w5",
            "map": "FiveWs.why[x]"
          },
          {
            "identity": "rim",
            "map": ".outboundRelationship[typeCode=RSON]/target[classCode=OBS,moodCode=EVN, code=\"reason for use\"].value"
          }
        ]
      },
      {
        "id": "MedicationStatement.note",
        "path": "MedicationStatement.note",
        "short": "Further information about the statement",
        "definition": "Provides extra information about the medication statement that is not conveyed by the other attributes.",
        "type": [
          {
            "code": "Annotation"
          }
        ],
        "mapping": [
          {
            "identity": "workflow",
            "map": "Event.note"
          },
          {
            "identity": "rim",
            "map": ".inboundRelationship[typeCode=SUBJ]/source[classCode=OBS,moodCode=EVN,code=\"annotation\"].value"
          }
        ]
      },
      {
        "id": "MedicationStatement.dosage",
        "path": "MedicationStatement.dosage",
        "short": "Details of how medication is/was taken or should be taken",
        "definition": "Indicates how the medication is/was or should be taken by the patient.",
        "comment": "The dates included in the dosage on a Medication Statement reflect the dates for a given dose.  For example, \"from November 1, 2016 to November 3, 2016, take one tablet daily and from November 4, 2016 to November 7, 2016, take two tablets daily.\"  It is expected that this specificity may only be populated where the patient brings in their labeled container or where the Medication Statement is derived from a MedicationRequest.",
        "type": [
          {
            "code": "Dosage"
          }
        ],
        "mapping": [
          {
            "identity": "rim",
            "map": "refer dosageInstruction mapping"
          }
        ]
      }
    ]
  }
}