{
  "resourceType": "StructureDefinition",
  "id": "Specimen",
  "meta": {
    "lastUpdated": "2024-07-17T07:12:31.5951723+00:00"
  },
  "extension": [
    {
      "url": "https://fhir.kemkes.go.id/r4/StructureDefinition/structuredefinition-category",
      "valueString": "Clinical.Diagnostics"
    },
    {
      "url": "https://fhir.kemkes.go.id/r4/StructureDefinition/structuredefinition-standards-status",
      "valueCode": "trial-use"
    },
    {
      "url": "https://fhir.kemkes.go.id/r4/StructureDefinition/structuredefinition-fmm",
      "valueInteger": 2
    },
    {
      "url": "https://fhir.kemkes.go.id/r4/StructureDefinition/structuredefinition-security-category",
      "valueCode": "patient"
    },
    {
      "url": "https://fhir.kemkes.go.id/r4/StructureDefinition/structuredefinition-wg",
      "valueCode": "oo"
    }
  ],
  "url": "https://fhir.kemkes.go.id/r4/StructureDefinition/Specimen",
  "version": "4.0.1",
  "name": "Specimen",
  "status": "active",
  "date": "2023-09-08T16:38:55.7000785+00:00",
  "publisher": "Health Level Seven International (Orders and Observations)",
  "contact": [
    {
      "telecom": [
        {
          "system": "url",
          "value": "http://hl7.org/fhir"
        }
      ]
    },
    {
      "telecom": [
        {
          "system": "url",
          "value": "http://www.hl7.org/Special/committees/orders/index.cfm"
        }
      ]
    }
  ],
  "description": "A sample to be used for analysis.",
  "fhirVersion": "4.0.1",
  "mapping": [
    {
      "identity": "rim",
      "uri": "http://hl7.org/v3",
      "name": "RIM Mapping"
    },
    {
      "identity": "w5",
      "uri": "http://hl7.org/fhir/fivews",
      "name": "FiveWs Pattern Mapping"
    },
    {
      "identity": "v2",
      "uri": "http://hl7.org/v2",
      "name": "HL7 v2 Mapping"
    }
  ],
  "kind": "resource",
  "abstract": false,
  "type": "Specimen",
  "baseDefinition": "https://fhir.kemkes.go.id/r4/StructureDefinition/DomainResource",
  "derivation": "specialization",
  "differential": {
    "element": [
      {
        "id": "Specimen",
        "path": "Specimen",
        "short": "Sample for analysis",
        "definition": "A sample to be used for analysis.",
        "mapping": [
          {
            "identity": "rim",
            "map": "Role[classCode=SPEC]"
          }
        ]
      },
      {
        "id": "Specimen.extension",
        "path": "Specimen.extension",
        "min": 1
      },
      {
        "id": "Specimen.extension:transportedTime",
        "path": "Specimen.extension",
        "sliceName": "transportedTime",
        "type": [
          {
            "code": "Extension",
            "profile": [
              "https://fhir.kemkes.go.id/r4/StructureDefinition/TransportedTime"
            ]
          }
        ],
        "isModifier": false
      },
      {
        "id": "Specimen.extension:transportedPerson",
        "path": "Specimen.extension",
        "sliceName": "transportedPerson",
        "type": [
          {
            "code": "Extension",
            "profile": [
              "https://fhir.kemkes.go.id/r4/StructureDefinition/TransportedPerson"
            ]
          }
        ],
        "isModifier": false
      },
      {
        "id": "Specimen.extension:receivedPerson",
        "path": "Specimen.extension",
        "sliceName": "receivedPerson",
        "type": [
          {
            "code": "Extension",
            "profile": [
              "https://fhir.kemkes.go.id/r4/StructureDefinition/ReceivedPerson"
            ]
          }
        ],
        "isModifier": false
      },
      {
        "id": "Specimen.extension:conditionHistory",
        "path": "Specimen.extension",
        "sliceName": "conditionHistory",
        "type": [
          {
            "code": "Extension",
            "profile": [
              "https://fhir.kemkes.go.id/r4/StructureDefinition/ConditionHistory"
            ]
          }
        ],
        "isModifier": false
      },
      {
        "id": "Specimen.identifier",
        "path": "Specimen.identifier",
        "short": "External Identifier",
        "definition": "Id for specimen.",
        "type": [
          {
            "code": "Identifier"
          }
        ],
        "isSummary": true,
        "mapping": [
          {
            "identity": "w5",
            "map": "FiveWs.identifier"
          },
          {
            "identity": "v2",
            "map": "SPM-2"
          },
          {
            "identity": "rim",
            "map": ".id"
          }
        ]
      },
      {
        "id": "Specimen.accessionIdentifier",
        "path": "Specimen.accessionIdentifier",
        "short": "Identifier assigned by the lab",
        "definition": "The identifier assigned by the lab when accessioning specimen(s). This is not necessarily the same as the specimen identifier, depending on local lab procedures.",
        "max": "1",
        "type": [
          {
            "code": "Identifier"
          }
        ],
        "isSummary": true,
        "mapping": [
          {
            "identity": "w5",
            "map": "FiveWs.identifier"
          },
          {
            "identity": "v2",
            "map": "SPM-30 (v2.7+)"
          },
          {
            "identity": "rim",
            "map": ".participation[typeCode=SBJ].act[classCode=ACSN, moodCode=EVN].id"
          }
        ]
      },
      {
        "id": "Specimen.status",
        "path": "Specimen.status",
        "short": "available | unavailable | unsatisfactory | entered-in-error",
        "definition": "The availability of the specimen.",
        "comment": "This element is labeled as a modifier because the status contains codes that mark the resource as not currently valid.",
        "min": 1,
        "max": "1",
        "type": [
          {
            "code": "code"
          }
        ],
        "isModifier": true,
        "isModifierReason": "This element is labelled as a modifier because it is a status element that contains status entered-in-error which means that the resource should not be treated as valid",
        "isSummary": true,
        "binding": {
          "extension": [
            {
              "url": "https://fhir.kemkes.go.id/r4/StructureDefinition/elementdefinition-bindingName",
              "valueString": "SpecimenStatus"
            }
          ],
          "strength": "required",
          "description": "Codes providing the status/availability of a specimen.",
          "valueSet": "http://hl7.org/fhir/ValueSet/specimen-status|4.0.1"
        },
        "mapping": [
          {
            "identity": "w5",
            "map": "FiveWs.status"
          },
          {
            "identity": "v2",
            "map": "SPM-20"
          },
          {
            "identity": "rim",
            "map": "status"
          }
        ]
      },
      {
        "id": "Specimen.type",
        "path": "Specimen.type",
        "short": "Kind of material that forms the specimen",
        "definition": "The kind of material that forms the specimen.",
        "comment": "The type can change the way that a specimen is handled and drives what kind of analyses can properly be performed on the specimen. It is frequently used in diagnostic work flow decision making systems.",
        "min": 1,
        "max": "1",
        "type": [
          {
            "code": "CodeableConcept"
          }
        ],
        "isSummary": true,
        "binding": {
          "extension": [
            {
              "url": "https://fhir.kemkes.go.id/r4/StructureDefinition/elementdefinition-bindingName",
              "valueString": "SpecimenType"
            }
          ],
          "strength": "example",
          "description": "The type of the specimen.",
          "valueSet": "http://terminology.hl7.org/ValueSet/v2-0487"
        },
        "mapping": [
          {
            "identity": "w5",
            "map": "FiveWs.what[x]"
          },
          {
            "identity": "v2",
            "map": "SPM-4 and possibly SPM-5"
          },
          {
            "identity": "rim",
            "map": ".code"
          }
        ]
      },
      {
        "id": "Specimen.subject",
        "path": "Specimen.subject",
        "short": "Where the specimen came from. This may be from patient(s), from a location (e.g., the source of an environmental sample), or a sampling of a substance or a device",
        "definition": "Where the specimen came from. This may be from patient(s), from a location (e.g., the source of an environmental sample), or a sampling of a substance or a device.",
        "requirements": "Must know the subject context.",
        "min": 1,
        "max": "1",
        "type": [
          {
            "code": "Reference",
            "targetProfile": [
              "https://fhir.kemkes.go.id/r4/StructureDefinition/Patient",
              "https://fhir.kemkes.go.id/r4/StructureDefinition/Group",
              "https://fhir.kemkes.go.id/r4/StructureDefinition/Device",
              "https://fhir.kemkes.go.id/r4/StructureDefinition/Substance",
              "https://fhir.kemkes.go.id/r4/StructureDefinition/Location"
            ]
          }
        ],
        "isSummary": true,
        "mapping": [
          {
            "identity": "w5",
            "map": "FiveWs.subject[x]"
          },
          {
            "identity": "rim",
            "map": ".scoper  or  .scoper.playsRole"
          },
          {
            "identity": "w5",
            "map": "FiveWs.subject"
          }
        ]
      },
      {
        "id": "Specimen.receivedTime",
        "path": "Specimen.receivedTime",
        "short": "The time when specimen was received for processing",
        "definition": "Time when specimen was received for processing or testing.",
        "max": "1",
        "type": [
          {
            "code": "dateTime"
          }
        ],
        "isSummary": true,
        "mapping": [
          {
            "identity": "w5",
            "map": "FiveWs.done[x]"
          },
          {
            "identity": "v2",
            "map": "SPM-18"
          },
          {
            "identity": "rim",
            "map": ".participation[typeCode=SBJ].act[code=SPCREC, moodCode=EVN].effectiveTime"
          }
        ]
      },
      {
        "id": "Specimen.parent",
        "path": "Specimen.parent",
        "short": "Specimen from which this specimen originated",
        "definition": "Reference to the parent (source) specimen which is used when the specimen was either derived from or a component of another specimen.",
        "comment": "The parent specimen could be the source from which the current specimen is derived by some processing step (e.g. an aliquot or isolate or extracted nucleic acids from clinical samples) or one of many specimens that were combined to create a pooled sample.",
        "type": [
          {
            "code": "Reference",
            "targetProfile": [
              "https://fhir.kemkes.go.id/r4/StructureDefinition/Specimen"
            ]
          }
        ],
        "mapping": [
          {
            "identity": "rim",
            "map": ".scoper (if parent) .player.scopesRole[classCode=SPEC].player (if child)"
          }
        ]
      },
      {
        "id": "Specimen.request",
        "path": "Specimen.request",
        "short": "Why the specimen was collected",
        "definition": "Details concerning a service request that required a specimen to be collected.",
        "comment": "The request may be explicit or implied such with a ServiceRequest that requires a blood draw.",
        "type": [
          {
            "code": "Reference",
            "targetProfile": [
              "https://fhir.kemkes.go.id/r4/StructureDefinition/ServiceRequest"
            ]
          }
        ],
        "mapping": [
          {
            "identity": "w5",
            "map": "FiveWs.why[x]"
          },
          {
            "identity": "v2",
            "map": "ORC? OBR-2/3?"
          },
          {
            "identity": "rim",
            "map": "outboundRelationship[typeCode=FLFS].target"
          }
        ]
      },
      {
        "id": "Specimen.collection",
        "path": "Specimen.collection",
        "short": "Collection details",
        "definition": "Details concerning the specimen collection.",
        "max": "1",
        "type": [
          {
            "code": "BackboneElement"
          }
        ],
        "mapping": [
          {
            "identity": "v2",
            "map": "SPM-14"
          },
          {
            "identity": "rim",
            "map": ".participation[typeCode=SBJ].act[classCode=SPECCOLLECT, moodCode=EVN]"
          }
        ]
      },
      {
        "id": "Specimen.collection.extension:collectorOrganization",
        "path": "Specimen.collection.extension",
        "sliceName": "collectorOrganization",
        "type": [
          {
            "code": "Extension",
            "profile": [
              "https://fhir.kemkes.go.id/r4/StructureDefinition/CollectorOrganization"
            ]
          }
        ],
        "isModifier": false
      },
      {
        "id": "Specimen.collection.collector",
        "path": "Specimen.collection.collector",
        "short": "Who collected the specimen",
        "definition": "Person who collected the specimen.",
        "max": "1",
        "type": [
          {
            "code": "Reference",
            "targetProfile": [
              "https://fhir.kemkes.go.id/r4/StructureDefinition/Practitioner",
              "https://fhir.kemkes.go.id/r4/StructureDefinition/PractitionerRole"
            ]
          }
        ],
        "isSummary": true,
        "mapping": [
          {
            "identity": "w5",
            "map": "FiveWs.actor"
          },
          {
            "identity": "v2",
            "map": "PRT"
          },
          {
            "identity": "rim",
            "map": ".participation[typeCode=PFM].role"
          }
        ]
      },
      {
        "id": "Specimen.collection.collected[x]",
        "path": "Specimen.collection.collected[x]",
        "short": "Collection time",
        "definition": "Time when specimen was collected from subject - the physiologically relevant time.",
        "max": "1",
        "type": [
          {
            "code": "dateTime"
          },
          {
            "code": "Period"
          }
        ],
        "isSummary": true,
        "mapping": [
          {
            "identity": "w5",
            "map": "FiveWs.init"
          },
          {
            "identity": "v2",
            "map": "SPM-17"
          },
          {
            "identity": "rim",
            "map": ".effectiveTime"
          }
        ]
      },
      {
        "id": "Specimen.collection.duration",
        "path": "Specimen.collection.duration",
        "short": "How long it took to collect specimen",
        "definition": "The span of time over which the collection of a specimen occurred.",
        "max": "1",
        "type": [
          {
            "code": "Duration"
          }
        ],
        "isSummary": true,
        "mapping": [
          {
            "identity": "w5",
            "map": "FiveWs.init"
          }
        ]
      },
      {
        "id": "Specimen.collection.quantity",
        "path": "Specimen.collection.quantity",
        "short": "The quantity of specimen collected",
        "definition": "The quantity of specimen collected; for instance the volume of a blood sample, or the physical measurement of an anatomic pathology sample.",
        "max": "1",
        "type": [
          {
            "code": "Quantity",
            "profile": [
              "http://hl7.org/fhir/StructureDefinition/SimpleQuantity"
            ]
          }
        ],
        "mapping": [
          {
            "identity": "v2",
            "map": "SPM-12"
          },
          {
            "identity": "rim",
            "map": ".participation[typeCode=SBJ].role[classCode=SPEC].player.quantity"
          }
        ]
      },
      {
        "id": "Specimen.collection.method",
        "path": "Specimen.collection.method",
        "short": "Technique used to perform collection",
        "definition": "A coded value specifying the technique that is used to perform the procedure.",
        "max": "1",
        "type": [
          {
            "code": "CodeableConcept"
          }
        ],
        "binding": {
          "extension": [
            {
              "url": "https://fhir.kemkes.go.id/r4/StructureDefinition/elementdefinition-bindingName",
              "valueString": "SpecimenCollectionMethod"
            }
          ],
          "strength": "example",
          "description": "The  technique that is used to perform the procedure.",
          "valueSet": "http://hl7.org/fhir/ValueSet/specimen-collection-method"
        },
        "mapping": [
          {
            "identity": "v2",
            "map": "SPM-7"
          },
          {
            "identity": "rim",
            "map": ".methodCode"
          }
        ]
      },
      {
        "id": "Specimen.collection.bodySite",
        "path": "Specimen.collection.bodySite",
        "short": "Anatomical collection site",
        "definition": "Anatomical location from which the specimen was collected (if subject is a patient). This is the target site.  This element is not used for environmental specimens.",
        "comment": "If the use case requires  BodySite to be handled as a separate resource instead of an inline coded element (e.g. to identify and track separately)  then use the standard extension [bodySite](extension-bodysite.html).",
        "max": "1",
        "type": [
          {
            "code": "CodeableConcept"
          }
        ],
        "binding": {
          "extension": [
            {
              "url": "https://fhir.kemkes.go.id/r4/StructureDefinition/elementdefinition-bindingName",
              "valueString": "BodySite"
            }
          ],
          "strength": "example",
          "description": "Codes describing anatomical locations. May include laterality.",
          "valueSet": "http://hl7.org/fhir/ValueSet/body-site"
        },
        "mapping": [
          {
            "identity": "v2",
            "map": "SPM-8 and SPM-9"
          },
          {
            "identity": "rim",
            "map": ".targetSiteCode"
          }
        ]
      },
      {
        "id": "Specimen.collection.fastingStatus[x]",
        "path": "Specimen.collection.fastingStatus[x]",
        "short": "Whether or how long patient abstained from food and/or drink",
        "definition": "Abstinence or reduction from some or all food, drink, or both, for a period of time prior to sample collection.",
        "comment": "Representing fasting status using this element is preferred to representing it with an observation using a 'pre-coordinated code'  such as  LOINC 2005-7 (Calcium [Moles/​time] in 2 hour Urine --12 hours fasting), or  using  a component observation ` such as `Observation.component code`  = LOINC 49541-6 (Fasting status - Reported).",
        "requirements": "Many diagnostic tests require fasting  to facilitate accurate interpretation.",
        "max": "1",
        "type": [
          {
            "code": "CodeableConcept"
          },
          {
            "code": "Duration"
          }
        ],
        "isSummary": true,
        "binding": {
          "extension": [
            {
              "url": "https://fhir.kemkes.go.id/r4/StructureDefinition/elementdefinition-bindingName",
              "valueString": "FastingStatus"
            }
          ],
          "strength": "extensible",
          "description": "Codes describing the fasting status of the patient.",
          "valueSet": "http://terminology.hl7.org/ValueSet/v2-0916"
        },
        "mapping": [
          {
            "identity": "v2",
            "map": "OBR-"
          }
        ]
      },
      {
        "id": "Specimen.processing",
        "path": "Specimen.processing",
        "short": "Processing and processing step details",
        "definition": "Details concerning processing and processing steps for the specimen.",
        "type": [
          {
            "code": "BackboneElement"
          }
        ],
        "mapping": [
          {
            "identity": "rim",
            "map": ".participation[typeCode=SBJ].act[code=SPCTRT, moodCode=EVN]"
          }
        ]
      },
      {
        "id": "Specimen.processing.description",
        "path": "Specimen.processing.description",
        "short": "Textual description of procedure",
        "definition": "Textual description of procedure.",
        "max": "1",
        "type": [
          {
            "code": "string"
          }
        ],
        "mapping": [
          {
            "identity": "rim",
            "map": ".text"
          }
        ]
      },
      {
        "id": "Specimen.processing.procedure",
        "path": "Specimen.processing.procedure",
        "short": "Indicates the treatment step  applied to the specimen",
        "definition": "A coded value specifying the procedure used to process the specimen.",
        "max": "1",
        "type": [
          {
            "code": "CodeableConcept"
          }
        ],
        "binding": {
          "extension": [
            {
              "url": "https://fhir.kemkes.go.id/r4/StructureDefinition/elementdefinition-bindingName",
              "valueString": "SpecimenProcessingProcedure"
            }
          ],
          "strength": "example",
          "description": "Type indicating the technique used to process the specimen.",
          "valueSet": "http://hl7.org/fhir/ValueSet/specimen-processing-procedure"
        },
        "mapping": [
          {
            "identity": "rim",
            "map": ".code"
          }
        ]
      },
      {
        "id": "Specimen.processing.additive",
        "path": "Specimen.processing.additive",
        "short": "Material used in the processing step",
        "definition": "Material used in the processing step.",
        "type": [
          {
            "code": "Reference",
            "targetProfile": [
              "https://fhir.kemkes.go.id/r4/StructureDefinition/Substance"
            ]
          }
        ],
        "mapping": [
          {
            "identity": "v2",
            "map": "SPM-6"
          },
          {
            "identity": "rim",
            "map": ".participation[typeCode=CSM].role[classCode=ADTV].code"
          }
        ]
      },
      {
        "id": "Specimen.processing.time[x]",
        "path": "Specimen.processing.time[x]",
        "short": "Date and time of specimen processing",
        "definition": "A record of the time or period when the specimen processing occurred.  For example the time of sample fixation or the period of time the sample was in formalin.",
        "max": "1",
        "type": [
          {
            "code": "dateTime"
          },
          {
            "code": "Period"
          }
        ],
        "mapping": [
          {
            "identity": "rim",
            "map": ".effectiveTime"
          }
        ]
      },
      {
        "id": "Specimen.container",
        "path": "Specimen.container",
        "short": "Direct container of specimen (tube/slide, etc.)",
        "definition": "The container holding the specimen.  The recursive nature of containers; i.e. blood in tube in tray in rack is not addressed here.",
        "type": [
          {
            "code": "BackboneElement"
          }
        ],
        "mapping": [
          {
            "identity": "rim",
            "map": ".player.scopingRole[classCode=CONT].scoper"
          }
        ]
      },
      {
        "id": "Specimen.container.identifier",
        "path": "Specimen.container.identifier",
        "short": "Id for the container",
        "definition": "Id for container. There may be multiple; a manufacturer's bar code, lab assigned identifier, etc. The container ID may differ from the specimen id in some circumstances.",
        "type": [
          {
            "code": "Identifier"
          }
        ],
        "isSummary": true,
        "mapping": [
          {
            "identity": "v2",
            "map": "SAC-3"
          },
          {
            "identity": "rim",
            "map": ".id"
          }
        ]
      },
      {
        "id": "Specimen.container.description",
        "path": "Specimen.container.description",
        "short": "Textual description of the container",
        "definition": "Textual description of the container.",
        "max": "1",
        "type": [
          {
            "code": "string"
          }
        ],
        "mapping": [
          {
            "identity": "rim",
            "map": ".desc"
          }
        ]
      },
      {
        "id": "Specimen.container.type",
        "path": "Specimen.container.type",
        "short": "Kind of container directly associated with specimen",
        "definition": "The type of container associated with the specimen (e.g. slide, aliquot, etc.).",
        "max": "1",
        "type": [
          {
            "code": "CodeableConcept"
          }
        ],
        "binding": {
          "extension": [
            {
              "url": "https://fhir.kemkes.go.id/r4/StructureDefinition/elementdefinition-bindingName",
              "valueString": "SpecimenContainerType"
            }
          ],
          "strength": "example",
          "description": "Type of specimen container.",
          "valueSet": "http://hl7.org/fhir/ValueSet/specimen-container-type"
        },
        "mapping": [
          {
            "identity": "v2",
            "map": "SPM-27"
          },
          {
            "identity": "rim",
            "map": ".code"
          }
        ]
      },
      {
        "id": "Specimen.container.capacity",
        "path": "Specimen.container.capacity",
        "short": "Container volume or size",
        "definition": "The capacity (volume or other measure) the container may contain.",
        "max": "1",
        "type": [
          {
            "code": "Quantity",
            "profile": [
              "http://hl7.org/fhir/StructureDefinition/SimpleQuantity"
            ]
          }
        ],
        "mapping": [
          {
            "identity": "v2",
            "map": "one of: SAC 16, SAC17 and SAC 20, or SAC 21 and SAC 20"
          },
          {
            "identity": "rim",
            "map": ".quantity"
          }
        ]
      },
      {
        "id": "Specimen.container.specimenQuantity",
        "path": "Specimen.container.specimenQuantity",
        "short": "Quantity of specimen within container",
        "definition": "The quantity of specimen in the container; may be volume, dimensions, or other appropriate measurements, depending on the specimen type.",
        "max": "1",
        "type": [
          {
            "code": "Quantity",
            "profile": [
              "http://hl7.org/fhir/StructureDefinition/SimpleQuantity"
            ]
          }
        ],
        "mapping": [
          {
            "identity": "v2",
            "map": "SAC-23 (value) SAC-24 (units"
          },
          {
            "identity": "rim",
            "map": ".playedRole[classCode=CONT].quantity"
          }
        ]
      },
      {
        "id": "Specimen.container.additive[x]",
        "path": "Specimen.container.additive[x]",
        "short": "Additive associated with container",
        "definition": "Introduced substance to preserve, maintain or enhance the specimen. Examples: Formalin, Citrate, EDTA.",
        "max": "1",
        "type": [
          {
            "code": "CodeableConcept"
          },
          {
            "code": "Reference",
            "targetProfile": [
              "https://fhir.kemkes.go.id/r4/StructureDefinition/Substance"
            ]
          }
        ],
        "binding": {
          "extension": [
            {
              "url": "https://fhir.kemkes.go.id/r4/StructureDefinition/elementdefinition-bindingName",
              "valueString": "SpecimenContainerAdditive"
            }
          ],
          "strength": "example",
          "description": "Substance added to specimen container.",
          "valueSet": "http://terminology.hl7.org/ValueSet/v2-0371"
        },
        "mapping": [
          {
            "identity": "v2",
            "map": "SAC-27"
          },
          {
            "identity": "rim",
            "map": ".scopesRole[classCode=ADTV].player"
          }
        ]
      },
      {
        "id": "Specimen.condition",
        "path": "Specimen.condition",
        "short": "State of the specimen",
        "definition": "A mode or state of being that describes the nature of the specimen.",
        "comment": "Specimen condition is an observation made about the specimen.  It's a point-in-time assessment.  It can be used to assess its quality or appropriateness for a specific test.",
        "requirements": "The specimen condition can be used to assess its quality or appropriateness for a specific test.",
        "type": [
          {
            "code": "CodeableConcept"
          }
        ],
        "isSummary": true,
        "binding": {
          "extension": [
            {
              "url": "https://fhir.kemkes.go.id/r4/StructureDefinition/elementdefinition-bindingName",
              "valueString": "SpecimenCondition"
            }
          ],
          "strength": "extensible",
          "description": "Codes describing the state of the specimen.",
          "valueSet": "http://terminology.hl7.org/ValueSet/v2-0493"
        },
        "mapping": [
          {
            "identity": "v2",
            "map": "SPM-24"
          }
        ]
      },
      {
        "id": "Specimen.note",
        "path": "Specimen.note",
        "short": "Comments",
        "definition": "To communicate any details or issues about the specimen or during the specimen collection. (for example: broken vial, sent with patient, frozen).",
        "type": [
          {
            "code": "Annotation"
          }
        ],
        "mapping": [
          {
            "identity": "v2",
            "map": "OBX"
          },
          {
            "identity": "rim",
            "map": ".inboundRelationship[typeCode=SUBJ].source[classCode=OBS, moodCode=EVN, code=\"annotation\"].value"
          }
        ]
      }
    ]
  }
}