{
  "resourceType": "Observation",
  "status": "final",
  "identifier": [
    {
      "system": "http://sys-ids.kemkes.go.id/observation/10000004",
      "value": "O111111"
    }
  ],
  "category": [
    {
      "coding": [
        {
          "system": "http://terminology.hl7.org/CodeSystem/observation-category",
          "code": "laboratory",
          "display": "Laboratory"
        }
      ]
    }
  ],
  "code": {
    "coding": [
      {
        "system": "http://loinc.org",
        "code": "22827-0",
        "display": "Influenza virus A subtype [Identifier] in Specimen by NAA with probe detection"
      }
    ]
  },
  "subject": {
    "reference": "Patient/100000030009"
  },
  "performer": [
    {
      "reference": "Practitioner/N10000001"
    },
    {
      "reference": "Organization/10000004"
    }
  ],
  "encounter": {
    "reference": "Encounter/66533eb2-723d-4e7c-b7aa-500cd67dd4c8",
    "display": "Pemeriksaan Budi Santoso di hari Selasa, 14 Juni 2022"
  },
  "effectiveDateTime": "2022-10-15T08:23:00+00:00",
  "specimen": {
    "reference": "Specimen/bf55c11b-f42a-4098-ad56-723e25526060"
  },
  "basedOn": [
    {
      "reference": "ServiceRequest/0391a2e5-ca06-4a73-b3c9-bf1770d90275"
    }
  ],
  "valueCodeableConcept": {
    "coding": [
      {
        "system": "http://snomed.info/sct",
        "code": "449024000",
        "display": "Pandemic Influenza A (H1N1) 2009"
      }
    ]
  }
}