{
  "resourceType": "Observation",
  "status": "final",
  "category": [
    {
      "coding": [
        {
          "system": "http://terminology.hl7.org/CodeSystem/observation-category",
          "code": "laboratory",
          "display": "Laboratory"
        }
      ]
    }
  ],
  "code": {
    "coding": [
      {
        "system": "http://loinc.org",
        "code": "55465-9",
        "display": "Influenza virus A H1 2009 pandemic RNA [Presence] in Specimen by NAA with probe detection"
      }
    ]
  },
  "subject": {
    "reference": "Patient/100000030009"
  },
  "performer": [
    {
      "reference": "Practitioner/N10000001"
    }
  ],
  "encounter": {
    "reference": "Encounter/66533eb2-723d-4e7c-b7aa-500cd67dd4c8",
    "display": "Pemeriksaan Budi Santoso di hari Selasa, 14 Juni 2022"
  },
  "effectiveDateTime": "2022-07-20",
  "valueCodeableConcept": {
    "coding": [
      {
        "system": "http://loinc.org",
        "code": "LA11882-0",
        "display": "Detected"
      }
    ]
  }
}