{
  "resourceType": "Observation",
  "status": "final",
  "category": [
    {
      "coding": [
        {
          "system": "http://terminology.hl7.org/CodeSystem/observation-category",
          "code": "social-history",
          "display": "Social History"
        }
      ]
    }
  ],
  "code": {
    "coding": [
      {
        "system": "http://snomed.info/sct",
        "code": "80943009",
        "display": "Risk factor"
      }
    ]
  },
  "subject": {
    "reference": "Patient/100000030009"
  },
  "performer": [
    {
      "reference": "Practitioner/N10000001"
    },
    {
      "reference": "Organization/10000004"
    }
  ],
  "encounter": {
    "reference": "Encounter/66533eb2-723d-4e7c-b7aa-500cd67dd4c8",
    "display": "Pemeriksaan Budi Santoso di hari Selasa, 14 Juni 2022"
  },
  "effectiveDateTime": "2022-10-14T07:00:00+00:00",
  "valueCodeableConcept": {
    "coding": [
      {
        "system": "http://snomed.info/sct",
        "code": "77176002",
        "display": "Smoker"
      }
    ]
  }
}