{
  "resourceType": "Observation",
  "status": "final",
  "category": [
    {
      "coding": [
        {
          "system": "http://terminology.hl7.org/CodeSystem/observation-category",
          "code": "vital-signs",
          "display": "Vital Signs"
        }
      ]
    }
  ],
  "code": {
    "coding": [
      {
        "system": "http://loinc.org",
        "code": "8310-5",
        "display": "Body temperature"
      }
    ]
  },
  "subject": {
    "reference": "Patient/100000030009"
  },
  "encounter": {
    "reference": "Encounter/66533eb2-723d-4e7c-b7aa-500cd67dd4c8",
    "display": "Pemeriksaan Budi Santoso di hari Selasa, 14 Juni 2022"
  },
  "effectiveDateTime": "2022-10-14T07:00:00+00:00",
  "performer": [
    {
      "reference": "Practitioner/N10000001"
    },
    {
      "reference": "Organization/10000004"
    }
  ],
  "valueQuantity": {
    "value": 38.5,
    "unit": "Celcius",
    "system": "http://unitsofmeasure.org",
    "code": "Cel"
  }
}