{
  "resourceType": "QuestionnaireResponse",
  "questionnaire": "https://fhir.kemkes.go.id/Questionnaire/Q0009",
  "status": "completed",
  "subject": {
    "reference": "Patient/100000030009",
    "display": "Budi Santoso"
  },
  "encounter": {
    "reference": "Encounter/5631f3e5-aa76-48a4-bc99-f5c847b395d9"
  },
  "authored": "2023-07-18T10:00:00+07:00",
  "author": {
    "reference": "Practitioner/N10000001"
  },
  "source": {
    "reference": "Patient/100000030009"
  },
  "item": [
    {
      "linkId": "1",
      "text": "Faktor Penularan",
      "item": [
        {
          "linkId": "1.1",
          "text": "Apakah dalam dua minggu terakhir, anda bepergian keluar negeri?",
          "answer": [
            {
              "valueBoolean": true
            },
            {
              "item": [
                {
                  "linkId": "1.1.1",
                  "text": "Sebutkan Negaranya",
                  "answer": [
                    {
                      "valueCoding": {
                        "system": "urn:iso:std:iso:3166",
                        "code": "BR",
                        "display": "Brazil"
                      }
                    }
                  ]
                }
              ]
            }
          ]
        },
        {
          "linkId": "1.2",
          "text": "Ada orang serumah yang menderita sakit sepulang dari bepergian ke luar negeri?",
          "answer": [
            {
              "valueBoolean": true
            },
            {
              "item": [
                {
                  "linkId": "1.2.1",
                  "text": "Sebutkan Negaranya",
                  "answer": [
                    {
                      "valueCoding": {
                        "system": "urn:iso:std:iso:3166",
                        "code": "BR",
                        "display": "Brazil"
                      }
                    }
                  ]
                }
              ]
            }
          ]
        },
        {
          "linkId": "1.3",
          "text": "Dalam 2 minggu terakhir, apakah pernah kontak dengan unggas mati mendadak?",
          "answer": [
            {
              "valueBoolean": true
            }
          ]
        },
        {
          "linkId": "1.4",
          "text": "Apakah rumah pasien dekat dengan peternakan unggas (< 100m)?",
          "answer": [
            {
              "valueBoolean": true
            }
          ]
        },
        {
          "linkId": "1.5",
          "text": "Apakah sudah melakukan vaksinasi influenza 12 bulan terakhir?",
          "answer": [
            {
              "valueBoolean": true
            }
          ]
        },
        {
          "linkId": "1.6",
          "text": "Apakah sudah melakukan vaksinasi COVID-19 12 bulan terakhir?",
          "answer": [
            {
              "valueBoolean": true
            }
          ]
        }
      ]
    }
  ]
}