{
  "resourceType": "ServiceRequest",
  "identifier": [
    {
      "system": "http://sys-ids.kemkes.go.id/servicerequest/10000004",
      "value": "00001"
    }
  ],
  "status": "active",
  "intent": "original-order",
  "priority": "routine",
  "code": {
    "coding": [
      {
        "code": "92141-1",
        "display": "Influenza virus B RNA [Presence] in Respiratory specimen by NAA with probe detection",
        "system": "http://loinc.org"
      }
    ]
  },
  "subject": {
    "reference": "Patient/100000030009",
    "display": "Budi Santoso"
  },
  "encounter": {
    "reference": "Encounter/66533eb2-723d-4e7c-b7aa-500cd67dd4c8"
  },
  "occurrenceDateTime": "2022-07-14T10:00:00+07:00",
  "requester": {
    "reference": "Practitioner/N10000001",
    "display": "Dokter Bronsig"
  },
  "performer": [
    {
      "reference": "Patient/100000030009",
      "display": "Budi Santoso"
    }
  ],
  "reasonCode": [
    {
      "text": "Suspect ILI"
    }
  ],
  "locationCode": [
    {
      "coding": [
        {
          "system": "http://terminology.hl7.org/CodeSystem/v3-RoleCode",
          "code": "laboratory",
          "display": "Laboratory"
        }
      ]
    }
  ],
  "locationReference": [
    {
      "reference": "Location/ef011065-38c9-46f8-9c35-d1fe68966a3e",
      "display": "Ruang 1A, Poliklinik Rawat Jalan"
    }
  ]
}