{
  "resourceType": "AllergyIntolerance",
  "identifier": [
    {
      "system": "http://sys-ids.kemkes.go.id/allergy/1000004",
      "use": "official",
      "value": "98457729"
    }
  ],
  "clinicalStatus": {
    "coding": [
      {
        "system": "http://terminology.hl7.org/CodeSystem/allergyintolerance-clinical",
        "code": "active",
        "display": "Active"
      }
    ]
  },
  "verificationStatus": {
    "coding": [
      {
        "system": "http://terminology.hl7.org/CodeSystem/allergyintolerance-verification",
        "code": "confirmed",
        "display": "Confirmed"
      }
    ]
  },
  "category": [
    "food"
  ],
  "code": {
    "coding": [
      {
        "system": "http://snomed.info/sct",
        "code": "89811004",
        "display": "Gluten"
      }
    ],
    "text": "Alergi bahan gluten, khususnya ketika makan roti gandum"
  },
  "patient": {
    "reference": "Patient/100000030009",
    "display": "Budi Santoso"
  },
  "encounter": {
    "reference": "Encounter/2823ed1d-3e3e-434e-9a5b-9c579d192787"
  },
  "recordedDate": "2023-01-01T15:30:00+07:00",
  "recorder": {
    "reference": "Practitioner/N10000001"
  }
}