{
  "resourceType": "Condition",
  "clinicalStatus": {
    "coding": [
      {
        "system": "http://terminology.hl7.org/CodeSystem/condition-clinical",
        "code": "active",
        "display": "Active"
      }
    ]
  },
  "category": [
    {
      "coding": [
        {
          "system": "http://terminology.hl7.org/CodeSystem/condition-category",
          "code": "encounter-diagnosis",
          "display": "Encounter Diagnosis"
        }
      ]
    }
  ],
  "code": {
    "coding": [
      {
        "system": "http://hl7.org/fhir/sid/icd-10",
        "code": "E11.9",
        "display": "Non-insulin-dependent diabetes mellitus without complications "
      }
    ]
  },
  "subject": {
    "reference": "Patient/100000030009",
    "display": "Budi Santoso"
  },
  "encounter": {
    "reference": "Encounter/14e8398c-1016-44b8-b619-a802b80d2c94",
    "display": "Kunjungan Budi Santoso di hari Selasa, 14 Juni 2022"
  },
  "onsetDateTime": "2022-07-29",
  "recordedDate": "2022-07-29"
}