{
  "resourceType": "DiagnosticReport",
  "identifier": [
    {
      "system": "http://sys-ids.kemkes.go.id/diagnostic/10000004/radiology",
      "use": "official",
      "value": "5234342"
    }
  ],
  "status": "final",
  "category": [
    {
      "coding": [
        {
          "system": "http://terminology.hl7.org/CodeSystem/v2-0074",
          "code": "RAD",
          "display": "Radiology"
        }
      ]
    }
  ],
  "code": {
    "coding": [
      {
        "system": "http://terminology.hl7.org/CodeSystem/observation-category",
        "code": "imaging",
        "display": "Imaging"
      }
    ]
  },
  "subject": {
    "reference": "Patient/100000030009"
  },
  "encounter": {
    "reference": "Encounter/14e8398c-1016-44b8-b619-a802b80d2c94"
  },
  "effectiveDateTime": "2012-12-01T12:00:00+01:00",
  "issued": "2012-12-01T12:00:00+01:00",
  "performer": [
    {
      "reference": "Practitioner/N10000001"
    },
    {
      "reference": "Organization/10000004"
    }
  ],
  "result": [
    {
      "reference": "Observation/359c66f2-0383-487a-8dee-69e71aea4de3",
      "display": "XR Chest PA upright"
    }
  ],
  "conclusionCode": [
    {
      "coding": [
        {
          "system": "http://terminology.hl7.org/CodeSystem/v3-ObservationInterpretation",
          "code": "POS",
          "display": "Positive"
        }
      ]
    }
  ]
}