{
  "resourceType": "Encounter",
  "identifier": [
    {
      "system": "http://sys-ids.kemkes.go.id/encounter/1000004",
      "value": "P20240001"
    }
  ],
  "status": "arrived",
  "class": {
    "system": "http://terminology.hl7.org/CodeSystem/v3-ActCode",
    "code": "AMB",
    "display": "ambulatory"
  },
  "subject": {
    "reference": "Patient/100000030009",
    "display": "Budi Santoso"
  },
  "basedOn": {
    "reference": "ServiceRequest/46bc85dd-b3da-45f1-b097-ce040b66452b"
  },
  "hospitalization": {
    "origin": {
      "reference": "Organization/10083042"
    },
    "admitSource": {
      "coding": [
        {
          "system": "http://terminology.hl7.org/CodeSystem/admit-source",
          "code": "hosp-trans",
          "display": "Transferred from other hospital"
        }
      ]
    }
  },
  "participant": [
    {
      "type": [
        {
          "coding": [
            {
              "system": "http://terminology.hl7.org/CodeSystem/v3-ParticipationType",
              "code": "ATND",
              "display": "attender"
            }
          ]
        }
      ],
      "individual": {
        "reference": "Practitioner/N10000001",
        "display": "Dokter Bronsig"
      }
    }
  ],
  "period": {
    "start": "2022-06-14T07:00:00+07:00"
  },
  "location": [
    {
      "location": {
        "reference": "Location/b017aa54-f1df-4ec2-9d84-8823815d7228",
        "display": "Ruang 1A, Poliklinik TB, Lantai 1 (Puskesmas)"
      }
    }
  ],
  "statusHistory": [
    {
      "status": "arrived",
      "period": {
        "start": "2022-06-14T07:00:00+07:00"
      }
    }
  ],
  "serviceProvider": {
    "reference": "Organization/10000004",
    "display": "Puskesmas Sangat Waras"
  }
}