{
  "resourceType": "MedicationDispense",
  "identifier": [
    {
      "system": "http://sys-ids.kemkes.go.id/prescription/10080058",
      "use": "official",
      "value": "1234567810"
    },
    {
      "system": "http://sys-ids.kemkes.go.id/prescription-item/10080058",
      "use": "official",
      "value": "1234567810-1"
    }
  ],
  "status": "completed",
  "category": {
    "coding": [
      {
        "code": "outpatient",
        "display": "Outpatient",
        "system": "http://terminology.hl7.org/fhir/CodeSystem/medicationdispense-category"
      }
    ]
  },
  "medicationReference": {
    "display": "Obat Anti Tuberculosis / Rifampicin 150 mg / Isoniazid 75 mg / Pyrazinamide 400 mg / Ethambutol 275 mg Kaplet Salut Selaput (KIMIA FARMA)",
    "reference": "Medication/23a0334f-536a-4976-bb4d-76ee67bab421"
  },
  "subject": {
    "display": "Budi Santoso",
    "reference": "Patient/100000030009"
  },
  "context": {
    "reference": "Encounter/45e436ea-d6c7-4059-8cbe-e00fb2c665d8"
  },
  "performer": [
    {
      "actor": {
        "display": "Dokter Bronsig",
        "reference": "Practitioner/N10000001"
      }
    }
  ],
  "location": {
    "display": "Apotek RSUD Jati Asih",
    "reference": "Location/52e135eb-1956-4871-ba13-e833e662484d"
  },
  "authorizingPrescription": [
    {
      "reference": "MedicationRequest/8282a67a-1f04-412d-886e-2e0d370cd17c"
    }
  ],
  "quantity": {
    "code": "TAB",
    "system": "http://terminology.hl7.org/CodeSystem/v3-orderableDrugForm",
    "value": 120
  },
  "daysSupply": {
    "code": "d",
    "system": "http://unitsofmeasure.org",
    "unit": "days",
    "value": 30
  },
  "whenHandedOver": "2022-01-01",
  "whenPrepared": "2022-01-01",
  "dosageInstruction": [
    {
      "doseAndRate": [
        {
          "doseQuantity": {
            "code": "{{MEDICATIONDISPENSE_DOSE_UNIT}}",
            "system": "http://terminology.hl7.org/CodeSystem/v3-orderableDrugForm",
            "unit": "TAB",
            "value": 120
          },
          "type": {
            "coding": [
              {
                "code": "ordered",
                "display": "Ordered",
                "system": "http://terminology.hl7.org/CodeSystem/dose-rate-type"
              }
            ]
          }
        }
      ],
      "sequence": 1,
      "text": "4 tablet perhari, diminum setiap hari tanpa jeda sampai prose pengobatan berakhir",
      "timing": {
        "repeat": {
          "frequency": 1,
          "period": 1,
          "periodUnit": "d"
        }
      }
    }
  ]
}