{
  "resourceType": "Observation",
  "status": "final",
  "category": [
    {
      "coding": [
        {
          "system": "http://terminology.hl7.org/CodeSystem/observation-category",
          "code": "vital-signs",
          "display": "Vital Signs"
        }
      ]
    }
  ],
  "code": {
    "coding": [
      {
        "system": "http://loinc.org",
        "code": "39156-5",
        "display": "Body mass index (BMI) [Ratio]"
      }
    ]
  },
  "performer": [
    {
      "reference": "Practitioner/N10000001"
    }
  ],
  "subject": {
    "reference": "Patient/100000030015",
    "display": "Diana Smith"
  },
  "encounter": {
    "reference": "Encounter/1a07ee6d-65c9-4365-964b-71f4f46df06d"
  },
  "effectiveDateTime": "2023-03-01T02:15:00+00:00",
  "issued": "2023-03-01T02:15:00+00:00",
  "valueQuantity": {
    "value": 27.5,
    "unit": "kg/m2",
    "system": "http://unitsofmeasure.org",
    "code": "kg/m2"
  },
  "interpretation": [
    {
      "coding": [
        {
          "system": "http://snomed.info/sct",
          "code": "414915002",
          "display": "Obese"
        }
      ],
      "text": "Obesitas"
    }
  ]
}