{
  "resourceType": "Observation",
  "identifier": [
    {
      "system": "http://sys-ids.kemkes.go.id/observation/10000004",
      "value": "O111111"
    }
  ],
  "status": "final",
  "category": [
    {
      "coding": [
        {
          "system": "http://terminology.hl7.org/CodeSystem/observation-category",
          "code": "laboratory",
          "display": "Laboratory"
        }
      ]
    }
  ],
  "code": {
    "coding": [
      {
        "system": "http://terminology.kemkes.go.id/CodeSystem/clinical-term",
        "code": "X099380",
        "display": "Line Probe Assay (LPA) Lini 1"
      }
    ]
  },
  "subject": {
    "reference": "Patient/100000030009",
    "display": "Budi Santoso"
  },
  "encounter": {
    "reference": "Encounter/89927b83-7a2b-4f8a-8bef-a6f37d167814"
  },
  "effectiveDateTime": "2023-06-14T15:30:10+01:01",
  "issued": "2023-06-14T15:30:10+01:02",
  "performer": [
    {
      "reference": "Practitioner/N10000001"
    },
    {
      "reference": "Organization/abddd50b-b22f-4d68-a1c3-d2c29a27698b",
      "display": "Divisi Laboratorium Puskesmas SATUSEHAT"
    }
  ],
  "specimen": {
    "reference": "Specimen/fc74f9ca-bb2e-4025-aa4b-68088e47eb02"
  },
  "basedOn": [
    {
      "reference": "ServiceRequest/077501c7-b796-43ba-aedc-6658e7f73684"
    }
  ],
  "valueCodeableConcept": {
    "coding": [
      {
        "system": "http://terminology.kemkes.go.id/CodeSystem/examination",
        "code": "X099781",
        "display": "Hasil Valid"
      }
    ]
  },
  "component": [
    {
      "code": {
        "coding": [
          {
            "system": "http://loinc.org",
            "code": "13956-8",
            "display": "Mycobacterium tuberculosis DNA [Presence] in Specimen by NAA with probe detection"
          }
        ]
      },
      "valueCodeableConcept": {
        "coding": [
          {
            "system": "http://loinc.org",
            "code": "LA6576-8",
            "display": "Positive"
          }
        ]
      }
    },
    {
      "code": {
        "coding": [
          {
            "system": "http://loinc.org",
            "code": "89488-1",
            "display": "Isoniazid [Susceptibility] by Genotype method"
          }
        ]
      },
      "valueCodeableConcept": {
        "coding": [
          {
            "system": "http://loinc.org",
            "code": "LA24225-7",
            "display": "Susceptible"
          }
        ]
      }
    },
    {
      "code": {
        "coding": [
          {
            "system": "http://loinc.org",
            "code": "89489-9",
            "display": "rifAMPin [Susceptibility] by Genotype method"
          }
        ]
      },
      "valueCodeableConcept": {
        "coding": [
          {
            "system": "http://loinc.org",
            "code": "LA24225-7",
            "display": "Susceptible"
          }
        ]
      }
    },
    {
      "code": {
        "coding": [
          {
            "system": "http://loinc.org",
            "code": "96110-2",
            "display": "Ethionamide [Susceptibility] by Genotype method"
          }
        ]
      },
      "valueCodeableConcept": {
        "coding": [
          {
            "system": "http://loinc.org",
            "code": "LA24225-7",
            "display": "Susceptible"
          }
        ]
      }
    },
    {
      "code": {
        "coding": [
          {
            "system": "http://loinc.org",
            "code": "103960-1",
            "display": "Prothionamide [Susceptibility] by Genotype method"
          }
        ]
      },
      "valueCodeableConcept": {
        "coding": [
          {
            "system": "http://loinc.org",
            "code": "LA24225-7",
            "display": "Susceptible"
          }
        ]
      }
    }
  ]
}