{
  "resourceType": "Observation",
  "identifier": [
    {
      "system": "http://sys-ids.kemkes.go.id/observation/10000004",
      "value": "O111111"
    }
  ],
  "status": "final",
  "category": [
    {
      "coding": [
        {
          "system": "http://terminology.hl7.org/CodeSystem/observation-category",
          "code": "social-history",
          "display": "Social History"
        }
      ]
    },
    {
      "coding": [
        {
          "system": "http://terminology.hl7.org/CodeSystem/observation-category",
          "code": "survey",
          "display": "Survey"
        }
      ]
    }
  ],
  "code": {
    "coding": [
      {
        "system": "#tbd",
        "code": "#tbd",
        "display": "Skrining TB berdasarkan algoritma"
      }
    ]
  },
  "subject": {
    "reference": "Patient/100000030009",
    "display": "Budi Santoso"
  },
  "encounter": {
    "reference": "Encounter/45e436ea-d6c7-4059-8cbe-e00fb2c665d8"
  },
  "effectiveDateTime": "2023-01-01T15:30:00+07:00",
  "issued": "2023-01-01T15:30:00+07:00",
  "performer": [
    {
      "reference": "Practitioner/N10000001"
    },
    {
      "reference": "Organization/10000004",
      "display": "Puskesmas Sangat Waras"
    }
  ],
  "valueCodeableConcept": {
    "coding": [
      {
        "system": "http://snomed.info/sct",
        "code": "260347006",
        "display": "+"
      }
    ]
  },
  "referenceRange": [
    {
      "text": "Negative"
    }
  ],
  "derivedFrom": [
    {
      "reference": "Observation/10000004"
    }
  ]
}