{
  "resourceType": "Observation",
  "status": "final",
  "category": [
    {
      "coding": [
        {
          "system": "http://terminology.hl7.org/CodeSystem/observation-category",
          "code": "survey",
          "display": "Survey"
        }
      ]
    }
  ],
  "code": {
    "coding": [
      {
        "system": "http://loinc.org",
        "code": "33248-6",
        "display": "Diabetes status"
      }
    ]
  },
  "subject": {
    "reference": "Patient/P01654557057"
  },
  "performer": [
    {
      "reference": "Practitioner/N10000001"
    },
    {
      "reference": "Organization/10000004"
    }
  ],
  "encounter": {
    "reference": "Encounter/89927b83-7a2b-4f8a-8bef-a6f37d167814"
  },
  "effectiveDateTime": "2022-10-14T07:00:00+00:00",
  "valueCodeableConcept": {
    "coding": [
      {
        "system": "http://snomed.info/sct",
        "code": "260385009",
        "display": "Negative"
      }
    ]
  }
}