{
  "resourceType": "Observation",
  "identifier": [
    {
      "system": "http://sys-ids.kemkes.go.id/observation/10000004",
      "value": "O111111"
    }
  ],
  "status": "final",
  "category": [
    {
      "coding": [
        {
          "system": "http://terminology.hl7.org/CodeSystem/observation-category",
          "code": "imaging",
          "display": "Imaging"
        }
      ]
    }
  ],
  "code": {
    "coding": [
      {
        "system": "http://loinc.org",
        "code": "24648-8",
        "display": "XR Chest PA upright"
      }
    ]
  },
  "subject": {
    "reference": "Patient/100000030009",
    "display": "Budi Santoso"
  },
  "encounter": {
    "reference": "Encounter/45e436ea-d6c7-4059-8cbe-e00fb2c665d8"
  },
  "effectiveDateTime": "2022-06-14T15:30:10+01:00",
  "issued": "2022-06-14T15:30:10+01:00",
  "basedOn": [
    {
      "reference": "ServiceRequest/ecc21a66-ad26-406a-95a4-d750649f5b19"
    }
  ],
  "derivedFrom": [
    {
      "reference": "ImagingStudy/c4f3bfe3-91cd-40c4-b986-000c2150f051"
    }
  ],
  "bodySite": {
    "coding": [
      {
        "system": "http://snomed.info/sct",
        "code": "51185008",
        "display": "Chest"
      }
    ]
  },
  "valueString": "Uraian hasil pemeriksaan: foto thorax, proyeksi PA, posisi erect, asimetris, inspirasi dan kondisi cukup dengan hasil: 1) tampak cavitas inhomogen di proyeksi pulmo bilateral terutama dextra, batas tak tegas disertai penebalan fibrotic, cavitas (+), 2) tak tampak pemadatan limfonodi hilus bilateral, 3) tampak kedua costofrenicus lancip, 4) tampak kedua diafragma licin dan tak mendatar, 5) cor CTR tak valid dinilai (asimetri), tampak kalsifikasi di arcus aorta dengan bentuk crescent, 6) sistem tulang yang tervisualisasi intact. Kesan: TB paru lama aktif, besar cor tak valid dinilai, aortosclerosis",
  "performer": [
    {
      "reference": "Practitioner/N10000001"
    },
    {
      "reference": "Organization/10000004",
      "display": "Puskesmas Sangat Waras"
    }
  ],
  "interpretation": [
    {
      "coding": [
        {
          "system": "http://terminology.hl7.org/CodeSystem/v3-ObservationInterpretation",
          "code": "POS",
          "display": "Positive"
        }
      ]
    }
  ],
  "referenceRange": [
    {
      "text": "No abnormalities found"
    }
  ]
}