{
  "resourceType": "QuestionnaireResponse",
  "questionnaire": "https://fhir.kemkes.go.id/Questionnaire/Q0001",
  "status": "completed",
  "subject": {
    "reference": "Patient/100000030009",
    "display": "Budi Santoso"
  },
  "encounter": {
    "reference": "Encounter/45e436ea-d6c7-4059-8cbe-e00fb2c665d8"
  },
  "authored": "2022-06-14T10:00:00+07:00",
  "author": {
    "reference": "Practitioner/N10000001"
  },
  "source": {
    "reference": "Patient/100000030009"
  },
  "item": [
    {
      "linkId": "1",
      "text": "Apakah konseling Pengobatan Pencegahan Tuberkulosis (TPT) diberikan kepada klien?",
      "answer": [
        {
          "valueBoolean": true
        }
      ]
    },
    {
      "linkId": "2",
      "text": "Apakah klien menerima untuk dievaluasi untuk infeksi TB dan untuk mengambil pengobatan jika dia memenuhi syarat?",
      "answer": [
        {
          "valueBoolean": true
        }
      ]
    },
    {
      "linkId": "3",
      "text": "Apakah klien harus diuji untuk infeksi TB??",
      "answer": [
        {
          "valueBoolean": true
        }
      ]
    },
    {
      "linkId": "4",
      "text": "Apakah tes infeksi TB dilakukan?",
      "answer": [
        {
          "valueBoolean": true
        }
      ]
    }
  ]
}