{
  "resourceType": "QuestionnaireResponse",
  "questionnaire": "https://fhir.kemkes.go.id/Questionnaire/Q0001",
  "status": "completed",
  "subject": {
    "reference": "Patient/100000030009",
    "display": "Budi Santoso"
  },
  "encounter": {
    "reference": "Encounter/45e436ea-d6c7-4059-8cbe-e00fb2c665d8"
  },
  "authored": "2023-01-01T15:30:00+07:00",
  "author": {
    "reference": "Practitioner/N10000001"
  },
  "source": {
    "reference": "Patient/100000030009"
  },
  "item": [
    {
      "linkId": "1",
      "text": "Klien telah memberikan persetujuan untuk skrining",
      "answer": [
        {
          "valueCoding": [
            {
              "system": "#tbd",
              "code": "screening.tb.cough",
              "display": "Skrining dengan batuk"
            }
          ]
        }
      ]
    },
    {
      "linkId": "2",
      "text": "Klien telah memberikan persetujuan untuk skrining",
      "answer": [
        {
          "valueBoolean": true
        }
      ]
    },
    {
      "linkId": "3",
      "text": "Tanggal ketika informed consent diberikan oleh klien",
      "answer": [
        {
          "valueDateTime": "2023-01-01T15:30:00+07:00"
        }
      ]
    },
    {
      "linkId": "4",
      "text": "Apakah sampel uji dikumpulkan dari pasien?",
      "answer": [
        {
          "valueBoolean": false
        }
      ]
    },
    {
      "linkId": "5",
      "text": "Alasan mengapa sampel tidak dikumpulkan",
      "answer": [
        {
          "valueString": "Pasien tidak bisa mengeluarkan dahak"
        }
      ]
    }
  ]
}