{
  "resourceType": "ServiceRequest",
  "identifier": [
    {
      "system": "http://sys-ids.kemkes.go.id/servicerequest/10000004",
      "value": "00001"
    }
  ],
  "status": "active",
  "intent": "order",
  "category": [
    {
      "coding": [
        {
          "system": "http://snomed.info/sct",
          "code": "409063005",
          "display": "Counselling"
        }
      ]
    }
  ],
  "priority": "routine",
  "code": {
    "coding": [
      {
        "system": "http://snomed.info/sct",
        "code": "103696004",
        "display": "Patient referral to specialist"
      }
    ]
  },
  "subject": {
    "reference": "Patient/100000030009",
    "display": "Budi Santoso"
  },
  "encounter": {
    "reference": "Encounter/45e436ea-d6c7-4059-8cbe-e00fb2c665d8"
  },
  "authoredOn": "2022-06-14T08:30:27+07:00",
  "occurrenceDateTime": "2022-06-15T08:30:27+07:00",
  "requester": {
    "reference": "Organization/10000004",
    "display": "Puskesmas Sangat Waras"
  },
  "performer": [
    {
      "reference": "Organization/6e6f600c-7aa3-4723-befb-356d3b19e2f6",
      "display": "RS SATUSEHAT"
    }
  ],
  "reasonCode": [
    {
      "coding": [
        {
          "system": "http://snomed.info/sct",
          "code": "4445009",
          "display": "TB - Urogenital tuberculosis"
        }
      ],
      "text": "Rujukan pasien kasus TB RO"
    }
  ],
  "reasonReference": [
    {
      "reference": "DiagnosticReport/ca59ba87-fd79-4e5a-9ffc-f7b13a978e3c"
    }
  ]
}