{
  "resourceType": "Composition",
  "identifier": {
    "system": "http://sys-ids.kemkes.go.id/composition/10000004",
    "value": "2361720002"
  },
  "status": "final",
  "extension": [
    {
      "url": "https://fhir.kemkes.go.id/r4/StructureDefinition/DocumentStatus",
      "extension": [
        {
          "url": "statusCode",
          "valueCode": "final"
        },
        {
          "url": "statusTime",
          "valueDateTime": "2023-06-22T14:30:00+07:00"
        },
        {
          "url": "statusAssigner",
          "valueReference": {
            "reference": "Practitioner/123",
            "display": "Dr. John Doe"
          }
        }
      ]
    }
  ],
  "type": {
    "coding": [
      {
        "system": "http://terminology.kemkes.go.id/CodeSystem/composition-type",
        "code": "COM000002",
        "display": "Form Lahir Mati"
      }
    ]
  },
  "subject": {
    "reference": "Patient/100000030009",
    "display": "Baby of Teresa Lee (Fetus Not Named)"
  },
  "encounter": {
    "reference": "Encounter/45e436ea-d6c7-4059-8cbe-e00fb2c665d8"
  },
  "date": "2023-06-22T14:30:00+07:00",
  "author": [
    {
      "reference": "Practitioner/N10000001",
      "display": "Dokter Bronsig"
    }
  ],
  "title": "Notifikasi Kematian Perinatal",
  "attester": [
    {
      "mode": "legal",
      "party": {
        "reference": "Organization/10000004",
        "display": "Puskesmas Sangat Waras"
      }
    }
  ],
  "section": [
    {
      "title": "Riwayat Kematian Anak",
      "code": {
        "coding": [
          {
            "system": "http://loinc.org",
            "code": "64297-5",
            "display": "DeathInvestigation"
          }
        ]
      },
      "focus": {
        "reference": "Patient/100000030009",
        "display": "Baby of Teresa Lee (Fetus Not Named)"
      },
      "entry": [
        {
          "display": "Tempat Meninggal Faskes",
          "reference": "urn:uuid:93fb25ed-5566-4c97-975e-25bfb18a79b8"
        },
        {
          "display": "Jenis Kematian",
          "reference": "urn:uuid:c238dbef-13b7-4641-bcac-39efcc8ae48f"
        },
        {
          "display": "Tanggal dan Jam Meninggal",
          "reference": "urn:uuid:1bd4f381-4518-472d-9714-0bc76421da9e"
        },
        {
          "display": "Masa Terjadi Kematian Anak",
          "reference": "urn:uuid:3a7d80eb-7b9a-4761-809b-e155205852d8"
        },
        {
          "display": "Dugaan Sebab Kematian",
          "reference": "urn:uuid:0396b598-b28d-4f5c-8917-550e0b68a612"
        },
        {
          "display": "Jenis Tempat Meninggal",
          "reference": "urn:uuid:a45ce50a-7b00-4b49-985c-5e3b46f7b372"
        },
        {
          "display": "Maserasi",
          "reference": "urn:uuid:013dcfcc-2c69-4b59-8ebd-04061bcf1f64"
        },
        {
          "display": "Keluhan/Gejala Utama Sebelum Bayi Meninggal",
          "reference": "urn:uuid:90c958b9-0273-420f-8a0f-7c5b1dc11311"
        },
        {
          "display": "Kondisi Ibu sebelum janin meninggal",
          "reference": "urn:uuid:05a7c9fc-7097-4c55-b2e8-081a64fd48d0"
        },
        {
          "display": "Berat Meninggal (dalam gram)",
          "reference": "urn:uuid:493e888d-b22d-4877-ac60-6d731482e1ab"
        }
      ]
    },
    {
      "title": "Riwayat Persalinan",
      "code": {
        "coding": [
          {
            "system": "http://loinc.org",
            "code": "15508-5",
            "display": "Labor and delivery records"
          }
        ]
      },
      "focus": {
        "reference": "Patient/100000030009",
        "display": "Baby of Teresa Lee (Fetus Not Named)"
      },
      "entry": [
        {
          "display": "Kelainan Bawaan",
          "reference": "urn:uuid:69b48064-b605-4944-8ec7-5e207d3f2c83"
        }
      ]
    },
    {
      "title": "Riwayat Kehamilan",
      "code": {
        "coding": [
          {
            "system": "http://loinc.org",
            "code": "57073-9",
            "display": "Prenatal records"
          }
        ]
      },
      "focus": {
        "reference": "Patient/P02280547535",
        "display": "Patient - Mother (Teresa Lee)"
      },
      "entry": [
        {
          "display": "Gravida",
          "reference": "urn:uuid:ee28d7b9-8912-4e64-a4ae-ea9b05419b0c"
        },
        {
          "display": "Usia kehamilan",
          "reference": "urn:uuid:30ae2630-80ed-4046-a7be-17b069de4d2e"
        },
        {
          "display": "Tanggal HPHT",
          "reference": "urn:uuid:ceb122af-e464-463d-91ec-7f7fc84e3b63"
        }
      ]
    },
    {
      "title": "Data Dasar Ibu",
      "code": {
        "coding": [
          {
            "system": "http://loinc.org",
            "code": "45970-1",
            "display": "Demographic information section"
          }
        ]
      },
      "focus": {
        "reference": "Patient/P02280547535",
        "display": "Patient - Mother (Teresa Lee)"
      },
      "entry": [
        {
          "display": "Umur Ibu Ketika Anak Meninggal",
          "reference": "urn:uuid:af8f89dd-51f5-43b8-b7dc-36df958e3f52"
        }
      ]
    }
  ]
}