{
  "resourceType": "Composition",
  "identifier": {
    "system": "http://sys-ids.kemkes.go.id/composition/10000004",
    "value": "2361720001"
  },
  "status": "final",
  "extension": [
    {
      "url": "https://fhir.kemkes.go.id/r4/StructureDefinition/DocumentStatus",
      "extension": [
        {
          "url": "statusCode",
          "valueCode": "final"
        },
        {
          "url": "statusTime",
          "valueDateTime": "2023-06-22T14:30:00+07:00"
        },
        {
          "url": "statusAssigner",
          "valueReference": {
            "reference": "Practitioner/123",
            "display": "Dr. John Doe"
          }
        }
      ]
    }
  ],
  "type": {
    "coding": [
      {
        "system": "http://terminology.kemkes.go.id/CodeSystem/composition-type",
        "code": "COM000001",
        "display": "Form Kematian Ibu"
      }
    ]
  },
  "subject": {
    "reference": "Patient/P02280547535",
    "display": "Patient - Mother (Teresa Lee)"
  },
  "encounter": {
    "reference": "Encounter/45e436ea-d6c7-4059-8cbe-e00fb2c665d8"
  },
  "date": "2023-06-22T14:30:00+07:00",
  "author": [
    {
      "reference": "Practitioner/N10000001",
      "display": "Dokter Bronsig"
    }
  ],
  "title": "Notifikasi Kematian Maternal",
  "attester": [
    {
      "mode": "legal",
      "party": {
        "reference": "Organization/10000004",
        "display": "Puskesmas Sangat Waras"
      }
    }
  ],
  "section": [
    {
      "title": "Riwayat Kematian Ibu",
      "code": {
        "coding": [
          {
            "system": "http://loinc.org",
            "code": "64297-5",
            "display": "DeathInvestigation"
          }
        ]
      },
      "entry": [
        {
          "display": "Tempat Meninggal Faskes",
          "reference": "urn:uuid:9d2dec10-23e7-48c6-b257-23469626068f"
        },
        {
          "display": "Usia ketika meninggal (tahun)",
          "reference": "urn:uuid:52917cc9-15f7-4373-932b-3b0915a517b7"
        },
        {
          "display": "Tanggal Meninggal",
          "reference": "urn:uuid:d3986419-1df5-49e7-a8f7-49f3f429c084"
        },
        {
          "display": "Masa Terjadi Kematian Ibu",
          "reference": "urn:uuid:e09c9a1b-de7f-467b-877a-1dfb937b36e6"
        },
        {
          "display": "Dugaan Sebab Kematian",
          "reference": "urn:uuid:93dc613b-22ad-491c-8017-ead734a62769"
        },
        {
          "display": "Jenis Tempat Meninggal",
          "reference": "urn:uuid:6ce43fac-05b6-4435-9ff6-2af2cdbac608"
        }
      ]
    },
    {
      "title": "Riwayat Kehamilan",
      "code": {
        "coding": [
          {
            "system": "http://loinc.org",
            "code": "57073-9",
            "display": "Prenatal records"
          }
        ]
      },
      "entry": [
        {
          "display": "Gravida",
          "reference": "urn:uuid:55299c3f-1c6e-4011-b77a-eefb52027a62"
        },
        {
          "display": "Paritas",
          "reference": "urn:uuid:ed0bbc43-c36e-4a17-b012-9be07217a452"
        },
        {
          "display": "Abortus",
          "reference": "urn:uuid:12a838bb-a2fa-4ad6-b81e-cce6295a1973"
        },
        {
          "display": "Usia kehamilan",
          "reference": "urn:uuid:62c7bc1d-cbab-4cf1-b223-192e3d6bf5a5"
        }
      ]
    }
  ]
}