{
  "resourceType": "Encounter",
  "identifier": [
    {
      "system": "http://sys-ids.kemkes.go.id/encounter/10000004",
      "value": "MPDN-MATERNAL-23_3578_0053"
    },
    {
      "use": "temp",
      "system": "http://sys-ids.kemkes.go.id/mpdn/10000004",
      "value": "MPDN-MATERNAL-23_3578_0053"
    }
  ],
  "status": "arrived",
  "class": {
    "system": "http://terminology.hl7.org/CodeSystem/v3-ActCode",
    "code": "AMB",
    "display": "ambulatory"
  },
  "subject": {
    "display": "Patient - Mother (Teresa Lee)",
    "reference": "Patient/P02280547535"
  },
  "participant": [
    {
      "type": [
        {
          "coding": [
            {
              "system": "http://terminology.hl7.org/CodeSystem/v3-ParticipationType",
              "code": "ATND",
              "display": "attender"
            }
          ]
        }
      ],
      "individual": {
        "reference": "Practitioner/N10000001",
        "display": "Dokter Bronsig"
      }
    }
  ],
  "period": {
    "start": "2022-12-30T07:00:30+07:00"
  },
  "location": [
    {
      "location": {
        "display": "General Ward, Ruang 1 No 3",
        "reference": "Location/ef011065-38c9-46f8-9c35-d1fe68966a3e"
      }
    }
  ],
  "statusHistory": [
    {
      "status": "arrived",
      "period": {
        "start": "2022-12-30T07:00:30+07:00"
      }
    }
  ],
  "serviceProvider": {
    "reference": "Organization/10000004"
  }
}