{
  "resourceType": "Observation",
  "identifier": [
    {
      "system": "http://sys-ids.kemkes.go.id/observation/1000004",
      "value": "O111111"
    }
  ],
  "status": "final",
  "code": {
    "coding": [
      {
        "system": "http://terminology.kemkes.go.id/CodeSystem/clinical-term",
        "code": "OC000030",
        "display": "Berat saat meninggal"
      }
    ]
  },
  "subject": {
    "reference": "Patient/100000030009",
    "display": "Baby of Teresa Lee (Fetus Not Named)"
  },
  "encounter": {
    "reference": "Encounter/45e436ea-d6c7-4059-8cbe-e00fb2c665d8"
  },
  "effectiveDateTime": "2022-01-01",
  "issued": "2022-01-01T15:30:10+01:00",
  "performer": [
    {
      "reference": "Practitioner/N10000001",
      "display": "Dokter Bronsig"
    }
  ],
  "valueQuantity": {
    "value": 3000,
    "unit": "gram",
    "system": "http://unitsofmeasure.org",
    "code": "g"
  }
}