{
  "resourceType": "Observation",
  "identifier": [
    {
      "system": "http://sys-ids.kemkes.go.id/observation/1000004",
      "value": "O111111"
    }
  ],
  "status": "final",
  "category": [
    {
      "coding": [
        {
          "system": "http://terminology.hl7.org/CodeSystem/observation-category",
          "code": "survey",
          "display": "Survey"
        }
      ]
    }
  ],
  "code": {
    "coding": [
      {
        "system": "http://loinc.org",
        "code": "69043-8",
        "display": "Other pregnancy outcomes #"
      },
      {
        "system": "http://fhir.org/guides/who/anc-cds/CodeSystem/anc-custom-codes",
        "code": "ANC.B6.DE25",
        "display": "Number of miscarriages and/or abortions"
      }
    ]
  },
  "subject": {
    "reference": "Patient/P02280547535",
    "display": "Patient - Mother (Teresa Lee)"
  },
  "encounter": {
    "reference": "Encounter/45e436ea-d6c7-4059-8cbe-e00fb2c665d8"
  },
  "effectiveDateTime": "2023-06-22T13:50:00+07:00",
  "issued": "2023-06-22T13:50:00+07:00",
  "performer": [
    {
      "reference": "Practitioner/N10000001",
      "display": "Dokter Bronsig"
    }
  ],
  "valueInteger": 0
}