{
  "resourceType": "Observation",
  "identifier": [
    {
      "system": "http://sys-ids.kemkes.go.id/observation/1000004",
      "value": "O111111"
    }
  ],
  "status": "final",
  "category": [
    {
      "coding": [
        {
          "system": "http://terminology.hl7.org/CodeSystem/observation-category",
          "code": "survey",
          "display": "Survey"
        }
      ]
    }
  ],
  "code": {
    "coding": [
      {
        "system": "http://loinc.org",
        "code": "39016-1",
        "display": "Age at death"
      }
    ]
  },
  "subject": {
    "reference": "Patient/100000030009",
    "display": "Baby of Teresa Lee (Fetus Not Named)"
  },
  "encounter": {
    "reference": "Encounter/45e436ea-d6c7-4059-8cbe-e00fb2c665d8"
  },
  "effectiveDateTime": "2022-01-01",
  "issued": "2022-01-01T15:30:10+01:00",
  "performer": [
    {
      "reference": "Practitioner/N10000001",
      "display": "Dokter Bronsig"
    }
  ],
  "component": [
    {
      "code": {
        "coding": [
          {
            "system": "http://hl7.org/fhir/ValueSet/age-units",
            "code": "a",
            "display": "years"
          }
        ]
      },
      "valueQuantity": {
        "value": 0,
        "unit": "years",
        "system": "http://unitsofmeasure.org",
        "code": "a"
      }
    },
    {
      "code": {
        "coding": [
          {
            "system": "http://hl7.org/fhir/ValueSet/age-units",
            "code": "mo",
            "display": "months"
          }
        ]
      },
      "valueQuantity": {
        "value": 0,
        "unit": "months",
        "system": "http://unitsofmeasure.org",
        "code": "mo"
      }
    },
    {
      "code": {
        "coding": [
          {
            "system": "http://hl7.org/fhir/ValueSet/age-units",
            "code": "d",
            "display": "days"
          }
        ]
      },
      "valueQuantity": {
        "value": 0,
        "unit": "days",
        "system": "http://unitsofmeasure.org",
        "code": "d"
      }
    },
    {
      "code": {
        "coding": [
          {
            "system": "http://hl7.org/fhir/ValueSet/age-units",
            "code": "h",
            "display": "hours"
          }
        ]
      },
      "valueQuantity": {
        "value": 2,
        "unit": "hours",
        "system": "http://unitsofmeasure.org",
        "code": "h"
      }
    },
    {
      "code": {
        "coding": [
          {
            "system": "http://hl7.org/fhir/ValueSet/age-units",
            "code": "min",
            "display": "minutes"
          }
        ]
      },
      "valueQuantity": {
        "value": 5,
        "unit": "minutes",
        "system": "http://unitsofmeasure.org",
        "code": "min"
      }
    }
  ]
}