{
  "resourceType": "Condition",
  "clinicalStatus": {
    "coding": [
      {
        "system": "http://terminology.hl7.org/CodeSystem/condition-clinical",
        "code": "active",
        "display": "Active"
      }
    ]
  },
  "category": [
    {
      "coding": [
        {
          "system": "http://terminology.hl7.org/CodeSystem/condition-category",
          "code": "encounter-diagnosis",
          "display": "Encounter Diagnosis"
        }
      ]
    }
  ],
  "code": {
    "coding": [
      {
        "system": "http://hl7.org/fhir/sid/icd-10",
        "code": "R50.9",
        "display": "Fever, unspecified"
      }
    ]
  },
  "subject": {
    "reference": "Patient/100000030009",
    "display": "Budi Santoso"
  },
  "encounter": {
    "reference": "Encounter/447222f4-32bc-4ec0-9a53-3be1506a8e8a"
  },
  "onsetDateTime": "2022-12-21T07:00:00+00:00",
  "recordedDate": "2022-12-23T07:00:00+00:00"
}