{
  "resourceType": "Condition",
  "clinicalStatus": {
    "coding": [
      {
        "system": "http://terminology.hl7.org/CodeSystem/condition-clinical",
        "code": "inactive",
        "display": "Inactive"
      }
    ]
  },
  "category": [
    {
      "coding": [
        {
          "system": "http://terminology.hl7.org/CodeSystem/condition-category",
          "code": "problem-list-item",
          "display": "Problem List Item"
        }
      ]
    }
  ],
  "code": {
    "coding": [
      {
        "system": "http://snomed.info/sct",
        "code": "386661006",
        "display": "Fever"
      }
    ]
  },
  "subject": {
    "reference": "Patient/100000030009",
    "display": "Budi Santoso"
  },
  "encounter": {
    "reference": "Encounter/447222f4-32bc-4ec0-9a53-3be1506a8e8a"
  },
  "onsetDateTime": "2022-12-21T07:00:00+00:00",
  "recordedDate": "2022-12-23T07:00:00+00:00"
}