{
  "resourceType": "Encounter",
  "identifier": [
    {
      "system": "http://sys-ids.kemkes.go.id/encounter/10084561",
      "value": "P20240001"
    }
  ],
  "status": "arrived",
  "class": {
    "system": "http://terminology.hl7.org/CodeSystem/v3-ActCode",
    "code": "EMER",
    "display": "emergency"
  },
  "subject": {
    "reference": "Patient/100000030009",
    "display": "Budi Santoso"
  },
  "participant": [
    {
      "type": [
        {
          "coding": [
            {
              "system": "http://terminology.hl7.org/CodeSystem/v3-ParticipationType",
              "code": "ATND",
              "display": "attender"
            }
          ]
        }
      ],
      "individual": {
        "reference": "Practitioner/N10000001",
        "display": "Dokter Bronsig"
      }
    }
  ],
  "period": {
    "start": "2022-06-14T07:00:00+07:00"
  },
  "location": [
    {
      "location": {
        "reference": "Location/ef011065-38c9-46f8-9c35-d1fe68966a3e",
        "display": "Ruang 1A, Poliklinik Rawat Jalan"
      }
    }
  ],
  "statusHistory": [
    {
      "status": "arrived",
      "period": {
        "start": "2022-06-14T07:00:00+07:00",
        "end": "2022-06-14T09:00:00+07:00"
      }
    }
  ],
  "serviceProvider": {
    "reference": "Organization/10084561"
  }
}