{
  "resourceType": "Encounter",
  "identifier": [
    {
      "use": "temp",
      "system": "http://sys-ids.kemkes.go.id/encounter/10000004",
      "value": "10085103"
    }
  ],
  "status": "in-progress",
  "class": {
    "system": "http://terminology.hl7.org/CodeSystem/v3-ActCode",
    "code": "IMP",
    "display": "inpatient encounter"
  },
  "subject": {
    "reference": "Patient/100000030009",
    "display": "Budi Santoso"
  },
  "participant": [
    {
      "type": [
        {
          "coding": [
            {
              "system": "http://terminology.hl7.org/CodeSystem/v3-ParticipationType",
              "code": "ATND",
              "display": "attender"
            }
          ]
        }
      ],
      "individual": {
        "reference": "Practitioner/N10000001",
        "display": "Dokter Bronsig"
      }
    }
  ],
  "period": {
    "start": "2022-12-25T23:00:00+00:00"
  },
  "location": [
    {
      "location": {
        "reference": "Location/fbd65f98-4864-48bd-a6f3-7b477a23e763",
        "display": "Bed 2, Ruang 210, Bangsal Rawat Inap Kelas 1, Layanan Penyakit Dalam, Lantai 2, Gedung Utama"
      }
    }
  ],
  "diagnosis": [
    {
      "condition": {
        "reference": "Condition/35fa402e-76fc-4d34-9cfe-b24eb8b428d6",
        "display": "Fever, unspecified"
      },
      "use": {
        "coding": [
          {
            "system": "http://terminology.hl7.org/CodeSystem/diagnosis-role",
            "code": "AD",
            "display": "Admission diagnosis"
          }
        ]
      },
      "rank": 1
    }
  ],
  "statusHistory": [
    {
      "status": "in-progress",
      "period": {
        "start": "2022-12-24T23:00:00+00:00"
      }
    }
  ],
  "serviceProvider": {
    "reference": "Organization/3c8f6d64-7eec-4747-a980-3e2a0e54b026"
  }
}