{
  "resourceType": "Observation",
  "status": "final",
  "category": [
    {
      "coding": [
        {
          "system": "http://terminology.hl7.org/CodeSystem/observation-category",
          "code": "laboratory",
          "display": "Laboratory"
        }
      ]
    }
  ],
  "code": {
    "coding": [
      {
        "system": "http://loinc.org",
        "code": "94309-2",
        "display": "SARS-CoV-2 (COVID-19) RNA [Presence] in Specimen by NAA with probe detection"
      }
    ]
  },
  "subject": {
    "reference": "Patient/100000030009",
    "display": "Budi Santoso"
  },
  "performer": [
    {
      "reference": "Practitioner/N10000001",
      "display": "Dokter Bronsig"
    }
  ],
  "encounter": {
    "reference": "Encounter/45e436ea-d6c7-4059-8cbe-e00fb2c665d8"
  },
  "effectiveDateTime": "2022-06-14",
  "valueCodeableConcept": {
    "coding": [
      {
        "system": "http://loinc.org",
        "code": "LA11882-0",
        "display": "Detected"
      }
    ]
  }
}