{
  "resourceType": "Observation",
  "status": "final",
  "category": [
    {
      "coding": [
        {
          "system": "http://terminology.hl7.org/CodeSystem/observation-category",
          "code": "survey",
          "display": "Survey"
        }
      ]
    }
  ],
  "code": {
    "coding": [
      {
        "system": "http://loinc.org",
        "code": "81956-5",
        "display": "Date and time of death [TimeStamp]"
      }
    ]
  },
  "subject": {
    "reference": "Patient/100000030009"
  },
  "performer": [
    {
      "reference": "Practitioner/N10000001"
    }
  ],
  "encounter": {
    "reference": "Encounter/447222f4-32bc-4ec0-9a53-3be1506a8e8a"
  },
  "issued": "2022-12-23T07:00:00+00:00",
  "valueDateTime": "2022-12-26"
}