{
  "resourceType": "QuestionnaireResponse",
  "questionnaire": "https://fhir.kemkes.go.id/Questionnaire/Q0002",
  "status": "completed",
  "subject": {
    "reference": "Patient/100000030009",
    "display": "Budi Santoso"
  },
  "encounter": {
    "reference": "Encounter/45e436ea-d6c7-4059-8cbe-e00fb2c665d8"
  },
  "authored": "2022-06-14T10:00:00+07:00",
  "author": {
    "reference": "Practitioner/N10000001",
    "display": "Dokter Bronsig"
  },
  "source": {
    "reference": "Patient/100000030009",
    "display": "Budi Santoso"
  },
  "item": [
    {
      "linkId": "1",
      "text": "Apakah dalam Dua Minggu Terakhir, anda bepergian keluar negeri?",
      "answer": [
        {
          "valueBoolean": true
        }
      ]
    },
    {
      "linkId": "1.1",
      "text": "Sebutkan Negaranya",
      "answer": [
        {
          "valueString": "Malaysia"
        }
      ]
    },
    {
      "linkId": "2",
      "text": "Ada orang serumah yang menderita sakit sepulang dari bepergian ke luar negeri?",
      "answer": [
        {
          "valueBoolean": true
        }
      ]
    },
    {
      "linkId": "2.1",
      "text": "Sebutkan Negaranya",
      "answer": [
        {
          "valueString": "Thailand"
        }
      ]
    },
    {
      "linkId": "3",
      "text": "Dalam 2 minggu terakhir, apakah pernah kontak dg ayam/unggas sakit atau mati mendadak?",
      "answer": [
        {
          "valueBoolean": true
        }
      ]
    },
    {
      "linkId": "4",
      "text": "Apakah rumah pasien dekat dengan peternakan unggas (< 100m)?",
      "answer": [
        {
          "valueBoolean": true
        }
      ]
    }
  ]
}