{
  "resourceType": "ServiceRequest",
  "identifier": [
    {
      "system": "http://sys-ids.kemkes.go.id/servicerequest/10000004",
      "value": "00001"
    }
  ],
  "status": "active",
  "intent": "original-order",
  "category": [
    {
      "coding": [
        {
          "system": "http://snomed.info/sct",
          "code": "108252007",
          "display": "Laboratory procedure"
        }
      ]
    }
  ],
  "priority": "routine",
  "code": {
    "coding": [
      {
        "system": "http://snomed.info/sct",
        "code": "312882009",
        "display": "Taking nasal swab (procedure)"
      }
    ]
  },
  "subject": {
    "reference": "Patient/100000030009",
    "display": "Budi Santoso"
  },
  "encounter": {
    "reference": "Encounter/45e436ea-d6c7-4059-8cbe-e00fb2c665d8"
  },
  "occurrenceDateTime": "2022-06-14T08:30:27+07:00",
  "requester": {
    "reference": "Practitioner/N10000001",
    "display": "Dokter Bronsig"
  },
  "locationCode": [
    {
      "coding": [
        {
          "system": "http://terminology.hl7.org/CodeSystem/v3-RoleCode",
          "code": "HLAB",
          "display": "hospital laboratory"
        }
      ]
    }
  ],
  "locationReference": [
    {
      "reference": "Location/612fcf96-843a-45c7-a6f7-ff3a08eb7c88",
      "display": "Laboratorium"
    }
  ],
  "reasonCode": [
    {
      "text": "Suspect SARI"
    }
  ]
}