{
  "resourceType": "ServiceRequest",
  "identifier": [
    {
      "system": "http://sys-ids.kemkes.go.id/servicerequest/10000004",
      "value": "00001"
    }
  ],
  "status": "active",
  "intent": "original-order",
  "priority": "routine",
  "category": [
    {
      "coding": [
        {
          "system": "#tba",
          "code": "#tba",
          "display": "Patient discharge request"
        }
      ]
    }
  ],
  "code": {
    "coding": [
      {
        "system": "http://snomed.info/sct",
        "code": "1917008",
        "display": "Patient discharge, deceased, medicolegal case"
      }
    ],
    "text": "Kontrol rutin regimen TB bulan ke-2"
  },
  "subject": {
    "reference": "Patient/100000030009",
    "display": "Budi Santoso"
  },
  "encounter": {
    "reference": "Encounter/45e436ea-d6c7-4059-8cbe-e00fb2c665d8"
  },
  "occurrenceDateTime": "2022-06-15",
  "authoredOn": "2022-06-15T19:30:27+07:00",
  "requester": {
    "reference": "Practitioner/N10000001",
    "display": "Dokter Bronsig"
  },
  "patientInstruction": "Pasien diperbolehkan pulang oleh dokter pada tanggal 15 Juni 2022"
}