{
  "resourceType": "Bundle",
  "id": "usecase-tb-verifikasi-kasus",
  "type": "transaction",
  "entry": [
    {
      "fullUrl": "urn:uuid:$GENERATED_UUID_CONDITION",
      "resource": {
        "resourceType": "Condition",
        "id": "$GENERATED_UUID_CONDITION",
        "clinicalStatus": {
          "coding": [
            {
              "system": "http://terminology.hl7.org/CodeSystem/condition-clinical",
              "code": "active"
            }
          ]
        },
        "code": {
          "coding": [
            {
              "system": "http://hl7.org/fhir/sid/icd-10",
              "code": "$CODE_ICD10"
            }
          ]
        }
      },
      "request": {
        "method": "POST",
        "url": "Condition"
      }
    },
    {
      "fullUrl": "urn:uuid:$GENERATED_UUID_EPISODEOFCARE",
      "resource": {
        "resourceType": "EpisodeOfCare",
        "id": "$GENERATED_UUID_EPISODEOFCARE",
        "status": "active",
        "patient": {
          "reference": "Patient/$IHS_NUMBER_PASIEN",
          "display": "$NAMA_PASIEN"
        },
        "managingOrganization": {
          "reference": "Organization/$IHS_NUMBER_FASYANKES"
        },
        "period": {
          "start": "$DATETIME_MULAI_PENGOBATAN"
        }
      },
      "request": {
        "method": "POST",
        "url": "EpisodeOfCare"
      }
    },
    {
      "fullUrl": "urn:uuid:$GENERATED_UUID_ENCOUNTER",
      "resource": {
        "resourceType": "Encounter",
        "identifier": [
          {
            "use": "official",
            "system": "http://sys-ids.kemkes.go.id/encounter/$ID_ENCOUNTER_1",
            "value": "$ID_ENCOUNTER_2"
          }
        ],
        "status": "finished",
        "class": {
          "system": "http://terminology.hl7.org/CodeSystem/v3-ActCode",
          "code": "AMB",
          "display": "ambulatory"
        },
        "priority": {
          "coding": [
            {
              "system": "http://terminology.hl7.org/ValueSet/v3-ActPriority",
              "code": "R",
              "display": "routine"
            }
          ]
        },
        "subject": {
          "reference": "Patient/$IHS_NUMBER_PASIEN",
          "display": "$NAMA_PASIEN"
        },
        "participant": [
          {
            "type": [
              {
                "coding": [
                  {
                    "system": "http://terminology.hl7.org/CodeSystem/v3-ParticipationType",
                    "code": "ATND"
                  }
                ]
              }
            ],
            "individual": {
              "reference": "Practitioner/$IHS_NUMBER_DOKTER"
            }
          }
        ],
        "serviceProvider": {
          "reference": "Organization/$IHS_NUMBER_FASYANKES"
        }
      },
      "request": {
        "method": "POST",
        "url": "Encounter"
      }
    },
    {
      "fullUrl": "urn:uuid:$GENERATED_UUID_MEDICATION_STATEMENT",
      "resource": {
        "resourceType": "MedicationStatement",
        "id": "$GENERATED_UUID_MEDICATION_STATEMENT",
        "status": "active",
        "category": {
          "coding": [
            {
              "system": "http://hl7.org/fhir/ValueSet/medication-statement-category",
              "code": "outpatient"
            }
          ]
        }
      },
      "request": {
        "method": "POST",
        "url": "MedicationStatement"
      }
    }
  ]
}