{
  "resourceType": "Procedure",
  "status": "completed",
  "category": {
    "coding": [
      {
        "system": "http://snomed.info/sct",
        "code": "277132007",
        "display": "Therapeutic procedure"
      }
    ],
    "text": "Therapeutic procedure"
  },
  "code": {
    "coding": [
      {
        "system": "http://hl7.org/fhir/sid/icd-9-cm",
        "code": "99.25",
        "display": "Injection or infusion of cancer chemotherapeutic substance"
      }
    ]
  },
  "subject": {
    "reference": "Patient/P00030004",
    "display": "Roel"
  },
  "encounter": {
    "reference": "Encounter/f202",
    "display": "Roel's encounter on January 28th, 2013"
  },
  "performedPeriod": {
    "start": "2013-01-28T13:31:00+01:00",
    "end": "2013-01-28T14:27:00+01:00"
  },
  "performer": [
    {
      "function": {
        "coding": [
          {
            "system": "http://snomed.info/sct",
            "code": "310512001",
            "display": "Medical oncologist"
          }
        ]
      },
      "actor": {
        "reference": "Practitioner/N10000001",
        "display": "Dokter Bronsig"
      }
    }
  ],
  "reasonCode": [
    {
      "text": "DiagnosticReport/f201"
    }
  ],
  "bodySite": [
    {
      "coding": [
        {
          "system": "http://snomed.info/sct",
          "code": "272676008",
          "display": "Sphenoid bone"
        }
      ]
    }
  ],
  "note": [
    {
      "text": "TPF neoadjuvant pertama pada proses besar di sphenoid dengan ekstensi intrakranial."
    }
  ]
}