{
  "resourceType": "Encounter",
  "identifier": [
    {
      "system": "http://www.siloamhospital.com/encounter",
      "use": "official",
      "value": "R001"
    }
  ],
  "status": "finished",
  "class": {
    "system": "http://terminology.hl7.org/CodeSystem/v3-ActCode",
    "code": "AMB",
    "display": "ambulatory"
  },
  "type": [
    {
      "coding": [
        {
          "system": "http://snomed.info/sct",
          "code": "11429006",
          "display": "Consultation"
        }
      ]
    },
    {
      "coding": [
        {
          "system": "http://snomed.info/sct",
          "code": "367336001",
          "display": "Chemotherapy"
        }
      ]
    }
  ],
  "priority": {
    "coding": [
      {
        "system": "http://terminology.hl7.org/ValueSet/v3-ActPriority",
        "code": "R",
        "display": "routine"
      }
    ]
  },
  "subject": {
    "reference": "Patient/P00-030-004",
    "display": "Roel"
  },
  "participant": [
    {
      "type": [
        {
          "coding": [
            {
              "system": "http://terminology.hl7.org/CodeSystem/v3-ParticipationType",
              "code": "ATND"
            }
          ]
        }
      ],
      "individual": {
        "reference": "Practitioner/N10000001"
      }
    }
  ],
  "period": {
    "start": "2015-01-17T16:00:00+07:00",
    "end": "2015-01-17T16:30:00+07:00"
  },
  "reasonCode": [
    {
      "coding": [
        {
          "system": "http://snomed.info/sct",
          "code": "4114003",
          "display": "Parenteral chemotherapy for malignant neoplasm"
        }
      ],
      "text": "Oral chemotherapy"
    }
  ],
  "diagnosis": [
    {
      "condition": {
        "reference": "Condition/08da49fb-3a6e-4bde-a725-fe558828b459",
        "display": "Fever, complications from Roel's TPF chemotherapy on January 28th, 2013"
      },
      "use": {
        "coding": [
          {
            "system": "http://terminology.hl7.org/CodeSystem/diagnosis-role",
            "code": "AD",
            "display": "Admission diagnosis"
          }
        ]
      },
      "rank": 1
    },
    {
      "condition": {
        "reference": "Condition/08da49fb-3a6e-4bde-a725-fe558828b459",
        "display": "Malignant neoplasm in head & neck area"
      },
      "use": {
        "coding": [
          {
            "system": "http://terminology.hl7.org/CodeSystem/diagnosis-role",
            "code": "DD",
            "display": "Discharge diagnosis"
          }
        ]
      },
      "rank": 1
    },
    {
      "condition": {
        "reference": "Condition/08da49fb-3a6e-4bde-a725-fe558828b459",
        "display": "Pneumonia"
      },
      "use": {
        "coding": [
          {
            "system": "http://terminology.hl7.org/CodeSystem/diagnosis-role",
            "code": "DD",
            "display": "Discharge diagnosis"
          }
        ]
      },
      "rank": 2
    },
    {
      "condition": {
        "display": "high fever and severe headache"
      },
      "use": {
        "coding": [
          {
            "system": "http://terminology.hl7.org/CodeSystem/diagnosis-role",
            "code": "CC",
            "display": "Chief complaint"
          }
        ]
      },
      "rank": 1
    },
    {
      "condition": {
        "display": "The patient is treated for a tumor"
      },
      "use": {
        "coding": [
          {
            "system": "http://terminology.hl7.org/CodeSystem/diagnosis-role",
            "code": "CC",
            "display": "Chief complaint"
          }
        ]
      },
      "rank": 2
    }
  ],
  "location": [
    {
      "location": {
        "reference": "Location/e411466c-1d58-4d1b-a999-01049e5415fd",
        "display": "Ruang 1A, IRJT"
      }
    }
  ],
  "serviceProvider": {
    "reference": "Organization/F10000001"
  }
}