{
  "resourceType": "Condition",
  "meta": {
    "security": [
      {
        "system": "http://terminology.hl7.org/CodeSystem/v3-ActCode",
        "code": "TBOO",
        "display": "taboo"
      }
    ]
  },
  "clinicalStatus": {
    "coding": [
      {
        "system": "http://terminology.hl7.org/CodeSystem/condition-clinical",
        "code": "resolved"
      }
    ]
  },
  "verificationStatus": {
    "coding": [
      {
        "system": "http://terminology.hl7.org/CodeSystem/condition-ver-status",
        "code": "confirmed"
      }
    ]
  },
  "category": [
    {
      "coding": [
        {
          "system": "http://terminology.hl7.org/CodeSystem/condition-category",
          "code": "encounter-diagnosis"
        }
      ]
    }
  ],
  "severity": {
    "coding": [
      {
        "system": "http://snomed.info/sct",
        "code": "24484000",
        "display": "Severe"
      }
    ]
  },
  "code": {
    "coding": [
      {
        "system": "http://hl7.org/fhir/sid/icd-10",
        "code": "C47.0",
        "display": "Malignant neoplasm, peripheral nerves of head, face and neck"
      }
    ]
  },
  "bodySite": [
    {
      "coding": [
        {
          "system": "http://snomed.info/sct",
          "code": "361355005",
          "display": "Entire head and neck"
        }
      ]
    }
  ],
  "subject": {
    "reference": "Patient/P00030004",
    "display": "Roel"
  },
  "onsetAge": {
    "value": 52,
    "unit": "years",
    "system": "http://unitsofmeasure.org",
    "code": "a"
  },
  "abatementAge": {
    "value": 54,
    "unit": "years",
    "system": "http://unitsofmeasure.org",
    "code": "a"
  },
  "recordedDate": "2012-12-01",
  "evidence": [
    {
      "detail": [
        {
          "reference": "urn:uuid:849ee411-8a9c-4c6f-aaf3-b837eddb7bcd",
          "display": "Erasmus' diagnostic report of Roel's tumor"
        }
      ]
    }
  ]
}