{
  "resourceType": "Observation",
  "status": "final",
  "category": [
    {
      "coding": [
        {
          "system": "http://terminology.hl7.org/CodeSystem/observation-category",
          "code": "vital-signs",
          "display": "Vital Signs"
        }
      ]
    }
  ],
  "code": {
    "coding": [
      {
        "system": "http://loinc.org",
        "code": "8867-4",
        "display": "Heart rate"
      }
    ]
  },
  "subject": {
    "reference": "Patient/P00030004"
  },
  "encounter": {
    "reference": "urn:uuid:10494a2e-0410-4ec7-834d-bd7f77de4ebd",
    "display": "Roel's encounter on January 28th, 2013"
  },
  "effectiveDateTime": "2015-01-17T16:00:00+07:00",
  "valueQuantity": {
    "value": 44,
    "unit": "beats/minute",
    "system": "http://unitsofmeasure.org",
    "code": "/min"
  }
}