{
  "resourceType": "Consent",
  "status": "active",
  "scope": {
    "coding": [
      {
        "system": "http://terminology.hl7.org/CodeSystem/consentscope",
        "code": "patient-privacy"
      }
    ]
  },
  "category": [
    {
      "coding": [
        {
          "system": "http://loinc.org",
          "code": "59284-0"
        }
      ]
    }
  ],
  "patient": {
    "reference": "Patient/100000030004"
  },
  "dateTime": "2016-06-23T17:02:33+10:00",
  "performer": [
    {
      "reference": "Patient/100000030004"
    }
  ],
  "organization": [
    {
      "reference": "Organization/IHS"
    }
  ],
  "policyRule": {
    "coding": [
      {
        "system": "http://terminology.hl7.org/CodeSystem/v3-ActCode",
        "code": "OPTIN"
      }
    ]
  },
  "provision": {
    "period": {
      "start": "2022-06-30T15:02:33+07:00"
    },
    "provision": [
      {
        "type": "permit",
        "action": [
          {
            "coding": [
              {
                "system": "http://terminology.hl7.org/CodeSystem/consentaction",
                "code": "access"
              }
            ]
          }
        ],
        "class": [
          {
            "system": "http://hl7.org/fhir/resource-types",
            "code": "Resource"
          }
        ]
      }
    ]
  }
}