{
  "resourceType": "Medication",
  "form": {
    "coding": [
      {
        "system": "http://snomed.info/sct",
        "code": "385101003",
        "display": "Ointment"
      }
    ],
    "text": "Ointment"
  },
  "ingredient": [
    {
      "itemCodeableConcept": {
        "coding": [
          {
            "system": "http://snomed.info/sct",
            "code": "387253001",
            "display": "Salicyclic Acid (substance)"
          }
        ]
      },
      "strength": {
        "numerator": {
          "value": 5,
          "system": "http://unitsofmeasure.org",
          "code": "g"
        },
        "denominator": {
          "value": 100,
          "system": "http://unitsofmeasure.org",
          "code": "g"
        }
      }
    },
    {
      "itemCodeableConcept": {
        "coding": [
          {
            "system": "http://snomed.info/sct",
            "code": "396458002",
            "display": "Hydrocortisone (substance)"
          }
        ]
      },
      "strength": {
        "numerator": {
          "value": 1,
          "system": "http://unitsofmeasure.org",
          "code": "g"
        },
        "denominator": {
          "value": 100,
          "system": "http://unitsofmeasure.org",
          "code": "g"
        }
      }
    },
    {
      "itemCodeableConcept": {
        "coding": [
          {
            "system": "http://snomed.info/sct",
            "code": "126066007",
            "display": "White Petrolatum (substance)"
          }
        ]
      },
      "strength": {
        "numerator": {
          "value": 94,
          "system": "http://unitsofmeasure.org",
          "code": "g"
        },
        "denominator": {
          "value": 100,
          "system": "http://unitsofmeasure.org",
          "code": "g"
        }
      }
    }
  ]
}