{
  "resourceType": "Observation",
  "status": "final",
  "category": [
    {
      "coding": [
        {
          "system": "http://terminology.hl7.org/CodeSystem/observation-category",
          "code": "vital-signs",
          "display": "Vital Signs"
        }
      ],
      "text": "Vital Signs"
    }
  ],
  "code": {
    "coding": [
      {
        "system": "http://loinc.org",
        "code": "8310-5",
        "display": "Body temperature"
      }
    ],
    "text": "Body temperature"
  },
  "subject": {
    "reference": "Patient/P00030004"
  },
  "encounter": {
    "reference": "urn:uuid:10494a2e-0410-4ec7-834d-bd7f77de4ebd",
    "display": "Roel's encounter on January 28th, 2013"
  },
  "effectiveDateTime": "1999-07-02",
  "valueQuantity": {
    "value": 36.5,
    "unit": "C",
    "system": "http://unitsofmeasure.org",
    "code": "Cel"
  }
}