{
  "resourceType": "Patient",
  "id": "199900030005",
  "meta": {
    "profile": [
      "https://fhir.kemkes.go.id/r4/StructureDefinition/Patient"
    ]
  },
  "identifier": [
    {
      "use": "official",
      "system": "https://fhir.kemkes.go.id/id/ihs-number",
      "value": "199900030005"
    },
    {
      "use": "official",
      "system": "https://fhir.kemkes.go.id/id/nik",
      "value": "3674000012310001"
    },
    {
      "use": "official",
      "system": "https://fhir.kemkes.go.id/id/nik-ibu",
      "value": "367400001111388"
    },
    {
      "use": "official",
      "system": "https://fhir.kemkes.go.id/id/paspor",
      "value": "A01111222"
    },
    {
      "use": "official",
      "system": "https://fhir.kemkes.go.id/id/kk",
      "value": "367400001111111"
    }
  ],
  "active": true,
  "name": [
    {
      "use": "official",
      "text": "Susi Wirjawan"
    }
  ],
  "telecom": [
    {
      "system": "phone",
      "value": "08123456789",
      "use": "mobile"
    },
    {
      "system": "phone",
      "value": "+622123456789",
      "use": "home"
    },
    {
      "system": "email",
      "value": "susi.wirjawan@xyz.com",
      "use": "home"
    }
  ],
  "gender": "female",
  "birthDate": "1990-11-17",
  "deceasedBoolean": false,
  "address": [
    {
      "use": "home",
      "line": [
        "Gd. Prof. Dr. Sujudi Lt.5, Jl. H.R. Rasuna Said Blok X5 Kav. 4-9 Kuningan"
      ],
      "city": "Jakarta",
      "postalCode": "12950",
      "country": "ID",
      "extension": [
        {
          "url": "https://fhir.kemkes.go.id/r4/StructureDefinition/administrativeCode",
          "extension": [
            {
              "url": "province",
              "valueCode": "10"
            },
            {
              "url": "city",
              "valueCode": "1010"
            },
            {
              "url": "district",
              "valueCode": "1010101"
            },
            {
              "url": "village",
              "valueCode": "1010101101"
            },
            {
              "url": "rt",
              "valueCode": "1"
            },
            {
              "url": "rw",
              "valueCode": "2"
            }
          ]
        }
      ]
    }
  ],
  "maritalStatus": {
    "coding": [
      {
        "system": "http://terminology.hl7.org/CodeSystem/v3-MaritalStatus",
        "code": "M",
        "display": "Married"
      }
    ],
    "text": "Married"
  },
  "multipleBirthBoolean": false,
  "contact": [
    {
      "relationship": [
        {
          "coding": [
            {
              "system": "http://terminology.hl7.org/CodeSystem/v2-0131",
              "code": "C"
            }
          ]
        }
      ],
      "name": {
        "use": "official",
        "text": "Budi Wirjawan"
      },
      "telecom": [
        {
          "system": "phone",
          "value": "0690383372",
          "use": "mobile"
        }
      ]
    }
  ],
  "communication": [
    {
      "language": {
        "coding": [
          {
            "system": "urn:ietf:bcp:47",
            "code": "id-ID",
            "display": "Indonesian"
          }
        ],
        "text": "Indonesian"
      },
      "preferred": true
    }
  ],
  "extension": [
    {
      "url": "https://fhir.kemkes.go.id/r4/StructureDefinition/birthPlace",
      "valueAddress": {
        "city": "Bandung",
        "country": "ID"
      }
    },
    {
      "url": "https://fhir.kemkes.go.id/r4/StructureDefinition/citizenshipStatus",
      "valueCode": "I"
    }
  ]
}