<Bundle xmlns="http://hl7.org/fhir">
  <id value="usecase-tb-registrasi-kasus" />
  <type value="transaction" />
  <entry>
    <fullUrl value="urn:uuid:$GENERATED_UUID_ENCOUNTER" />
    <resource>
      <Encounter>
        <identifier>
          <use value="official" />
          <system value="http://sys-ids.kemkes.go.id/encounter/$ID_ENCOUNTER_1" />
          <value value="$ID_ENCOUNTER_2" />
        </identifier>
        <status value="finished" />
        <class>
          <system value="http://terminology.hl7.org/CodeSystem/v3-ActCode" />
          <code value="AMB" />
          <display value="ambulatory" />
        </class>
        <priority>
          <coding>
            <system value="http://terminology.hl7.org/ValueSet/v3-ActPriority" />
            <code value="R" />
            <display value="routine" />
          </coding>
        </priority>
        <subject>
          <reference value="Patient/$IHS_NUMBER_PASIEN" />
          <display value="$NAMA_PASIEN" />
        </subject>
        <participant>
          <type>
            <coding>
              <system value="http://terminology.hl7.org/CodeSystem/v3-ParticipationType" />
              <code value="ATND" />
            </coding>
          </type>
          <individual>
            <reference value="Practitioner/$IHS_NUMBER_DOKTER" />
          </individual>
        </participant>
        <serviceProvider>
          <reference value="Organization/$IHS_NUMBER_FASYANKES" />
        </serviceProvider>
      </Encounter>
    </resource>
    <request>
      <method value="POST" />
      <url value="Encounter" />
    </request>
  </entry>
  <entry>
    <fullUrl value="urn:uuid:$GENERATED_UUID_CONDITION1" />
    <resource>
      <Condition>
        <clinicalStatus>
          <coding>
            <system value="http://terminology.hl7.org/CodeSystem/condition-clinical" />
            <code value="active" />
          </coding>
        </clinicalStatus>
        <code>
          <coding>
            <system value="http://snomed.info/sct" />
            <code value="$CODE_PROBLEM_OR_ILLNESS" />
          </coding>
        </code>
        <bodySite>
          <coding>
            <system value="http://snomed.info/sct" />
            <code value="38266002" />
            <display value="Entire body as a whole" />
          </coding>
        </bodySite>
      </Condition>
    </resource>
    <request>
      <method value="POST" />
      <url value="Condition" />
    </request>
  </entry>
  <entry>
    <fullUrl value="urn:uuid:$GENERATED_UUID_CONDITION2" />
    <resource>
      <Condition>
        <clinicalStatus>
          <coding>
            <system value="http://terminology.hl7.org/CodeSystem/condition-clinical" />
            <code value="active" />
          </coding>
        </clinicalStatus>
        <code>
          <coding>
            <system value="http://hl7.org/fhir/sid/icd-10" />
            <code value="$CODE_ICD10" />
          </coding>
        </code>
      </Condition>
    </resource>
    <request>
      <method value="POST" />
      <url value="Condition" />
    </request>
  </entry>
  <entry>
    <fullUrl value="urn:uuid:$GENERATED_UUID_SERVICE_REQUEST_1" />
    <resource>
      <ServiceRequest>
        <identifier>
          <system value="lab-x-service-request-number" />
          <value value="$GENERATED_UUID_SERVICE_REQUEST_NUMBER_1" />
          <assigner>
            <reference value="Organization/$IHS_NUMBER_FASYANKES" />
          </assigner>
        </identifier>
        <status value="completed" />
        <intent value="directive" />
        <priority value="routine" />
        <code>
          <coding>
            <system value="http://loinc.org" />
            <code value="647-8" />
          </coding>
          <text value="Microscopic observation [Identifier] in Sputum by Acid fast stain.Ziehl-Neelsen" />
        </code>
        <subject>
          <reference value="Patient/$IHS_NUMBER_PASIEN" />
        </subject>
        <encounter>
          <reference value="Encounter/$ID_ENCOUNTER_1" />
        </encounter>
        <occurrenceDateTime value="2022-02-01T08:00:00+07:00" />
        <requester>
          <reference value="Organization/$IHS_NUMBER_FASYANKES" />
        </requester>
        <performer>
          <reference value="Organization/$IHS_NUMBER_FASYANKES" />
        </performer>
      </ServiceRequest>
    </resource>
    <request>
      <method value="POST" />
      <url value="ServiceRequest" />
    </request>
  </entry>
  <entry>
    <fullUrl value="urn:uuid:$GENERATED_UUID_SERVICE_REQUEST_2" />
    <resource>
      <ServiceRequest>
        <identifier>
          <system value="lab-x-service-request-number" />
          <value value="$GENERATED_UUID_SERVICE_REQUEST_NUMBER_2" />
          <assigner>
            <reference value="Organization/$IHS_NUMBER_FASYANKES" />
          </assigner>
        </identifier>
        <status value="completed" />
        <intent value="directive" />
        <priority value="routine" />
        <code>
          <coding>
            <system value="http://loinc.org" />
            <code value="89371-9" />
          </coding>
          <text value="MTB complex DNA and rpoB RIF resistance mutation panel [Presence]" />
        </code>
        <subject>
          <reference value="Patient/$IHS_NUMBER_PASIEN" />
        </subject>
        <encounter>
          <reference value="Encounter/$ID_ENCOUNTER_1" />
        </encounter>
        <occurrenceDateTime value="2022-02-01T08:00:00+07:00" />
        <requester>
          <reference value="Organization/$IHS_NUMBER_FASYANKES" />
        </requester>
        <performer>
          <reference value="Organization/$IHS_NUMBER_FASYANKES" />
        </performer>
      </ServiceRequest>
    </resource>
    <request>
      <method value="POST" />
      <url value="ServiceRequest" />
    </request>
  </entry>
  <entry>
    <fullUrl value="urn:uuid:$GENERATED_UUID_SERVICE_REQUEST_3" />
    <resource>
      <ServiceRequest>
        <identifier>
          <system value="lab-x-service-request-number" />
          <value value="$GENERATED_UUID_SERVICE_REQUEST_NUMBER_3" />
          <assigner>
            <reference value="Organization/$IHS_NUMBER_FASYANKES" />
          </assigner>
        </identifier>
        <status value="completed" />
        <intent value="directive" />
        <priority value="routine" />
        <code>
          <coding>
            <system value="http://loinc.org" />
            <code value="539-7" />
          </coding>
          <text value="Mycobacterium sp identified in Sputum by Organism specific culture" />
        </code>
        <subject>
          <reference value="Patient/$IHS_NUMBER_PASIEN" />
        </subject>
        <encounter>
          <reference value="Encounter/$ID_ENCOUNTER_1" />
        </encounter>
        <occurrenceDateTime value="2022-02-01T08:00:00+07:00" />
        <requester>
          <reference value="Organization/$IHS_NUMBER_FASYANKES" />
        </requester>
        <performer>
          <reference value="Organization/$IHS_NUMBER_FASYANKES" />
        </performer>
      </ServiceRequest>
    </resource>
    <request>
      <method value="POST" />
      <url value="ServiceRequest" />
    </request>
  </entry>
  <entry>
    <fullUrl value="urn:uuid:$GENERATED_UUID_SERVICE_REQUEST_4" />
    <resource>
      <ServiceRequest>
        <identifier>
          <system value="lab-x-service-request-number" />
          <value value="$GENERATED_UUID_SERVICE_REQUEST_NUMBER_4" />
          <assigner>
            <reference value="Organization/$IHS_NUMBER_FASYANKES" />
          </assigner>
        </identifier>
        <status value="completed" />
        <intent value="directive" />
        <priority value="routine" />
        <code>
          <coding>
            <system value="http://loinc.org" />
            <code value="24648-8" />
          </coding>
          <text value="XR Chest PA upright" />
        </code>
        <subject>
          <reference value="Patient/$IHS_NUMBER_PASIEN" />
        </subject>
        <encounter>
          <reference value="Encounter/$ID_ENCOUNTER_1" />
        </encounter>
        <occurrenceDateTime value="2022-02-01T08:00:00+07:00" />
        <requester>
          <reference value="Organization/$IHS_NUMBER_FASYANKES" />
        </requester>
        <performer>
          <reference value="Organization/$IHS_NUMBER_FASYANKES" />
        </performer>
      </ServiceRequest>
    </resource>
    <request>
      <method value="POST" />
      <url value="ServiceRequest" />
    </request>
  </entry>
</Bundle>